,n_pref,n_items,relation,MSS,Time
0,3,4,LEX,5,0.0881655216217041
1,3,4,LEX+,5,0.08465075492858887
2,3,4,LEX,2,0.09049296379089355
3,3,4,LEX+,2,0.08900690078735352
4,3,4,LEX,1,0.03112053871154785
5,3,4,LEX+,1,0.03557610511779785
6,3,4,LEX,3,0.06030774116516113
7,3,4,LEX+,3,0.06436657905578613
8,3,4,LEX,2,0.03904318809509277
9,3,4,LEX+,2,0.04350471496582031
10,3,4,LEX,2,0.03903508186340332
11,3,4,LEX+,2,0.045868635177612305
12,3,4,LEX,2,0.042748212814331055
13,3,4,LEX+,2,0.04016447067260742
14,3,4,LEX,5,0.10661053657531738
15,3,4,LEX+,5,0.10841083526611328
16,3,4,LEX,2,0.042799949645996094
17,3,4,LEX+,2,0.045928239822387695
18,3,4,LEX,2,0.04502511024475098
19,3,4,LEX+,2,0.044403076171875
20,3,4,LEX,5,0.10162687301635742
21,3,4,LEX+,5,0.10143089294433594
22,3,4,LEX,5,0.09337401390075684
23,3,4,LEX+,5,0.08678364753723145
24,3,4,LEX,2,0.03875875473022461
25,3,4,LEX+,2,0.10021734237670898
26,3,4,LEX,3,0.05202651023864746
27,3,4,LEX+,3,0.05600237846374512
28,3,4,LEX,2,0.0812535285949707
29,3,4,LEX+,2,0.07476520538330078
30,3,4,LEX,1,0.03753829002380371
31,3,4,LEX+,1,0.03251528739929199
32,3,4,LEX,2,0.05157017707824707
33,3,4,LEX+,2,0.05082511901855469
34,3,4,LEX,5,0.09077334403991699
35,3,4,LEX+,5,0.0729527473449707
36,3,4,LEX,2,0.08284425735473633
37,3,4,LEX+,2,0.07186627388000488
38,3,4,LEX,2,0.04435420036315918
39,3,4,LEX+,2,0.0458524227142334
40,3,4,LEX,2,0.09115433692932129
41,3,4,LEX+,2,0.0904242992401123
42,3,4,LEX,1,0.03638029098510742
43,3,4,LEX+,1,0.03210163116455078
44,3,4,LEX,2,0.08728575706481934
45,3,4,LEX+,2,0.09014630317687988
46,3,4,LEX,5,0.13359856605529785
47,3,4,LEX+,5,0.1383194923400879
48,3,4,LEX,5,0.11297845840454102
49,3,4,LEX+,5,0.11284661293029785
50,3,4,LEX,2,0.039081573486328125
51,3,4,LEX+,2,0.042163848876953125
52,3,4,LEX,1,0.02996087074279785
53,3,4,LEX+,1,0.027311086654663086
54,3,4,LEX,2,0.11532235145568848
55,3,4,LEX+,2,0.09824132919311523
56,3,4,LEX,2,0.04854750633239746
57,3,4,LEX+,2,0.049875736236572266
58,3,4,LEX,2,0.09393811225891113
59,3,4,LEX+,2,0.07821774482727051
60,3,4,LEX,2,0.08786678314208984
61,3,4,LEX+,2,0.09734606742858887
62,3,4,LEX,5,0.12162637710571289
63,3,4,LEX+,5,0.11790013313293457
64,3,4,LEX,5,0.15856075286865234
65,3,4,LEX+,5,0.13174915313720703
66,3,4,LEX,1,0.032941341400146484
67,3,4,LEX+,1,0.03377485275268555
68,3,4,LEX,4,0.0753335952758789
69,3,4,LEX+,4,0.07005691528320312
70,3,4,LEX,5,0.11596846580505371
71,3,4,LEX+,5,0.12082624435424805
72,3,4,LEX,1,0.028102397918701172
73,3,4,LEX+,1,0.026907920837402344
74,3,4,LEX,5,0.08680152893066406
75,3,4,LEX+,5,0.09076714515686035
76,3,4,LEX,5,0.08228230476379395
77,3,4,LEX+,5,0.07830023765563965
78,3,4,LEX,5,0.2042849063873291
79,3,4,LEX+,5,0.1227869987487793
80,3,4,LEX,2,0.03899884223937988
81,3,4,LEX+,2,0.0413358211517334
82,3,4,LEX,3,0.06386494636535645
83,3,4,LEX+,3,0.06537508964538574
84,3,4,LEX,1,0.03625607490539551
85,3,4,LEX+,1,0.029384613037109375
86,3,4,LEX,1,0.03392195701599121
87,3,4,LEX+,1,0.036887168884277344
88,3,4,LEX,2,0.05069303512573242
89,3,4,LEX+,2,0.044420480728149414
90,3,4,LEX,5,0.10966634750366211
91,3,4,LEX+,5,0.10302090644836426
92,3,4,LEX,5,0.1264505386352539
93,3,4,LEX+,5,0.12172675132751465
94,3,4,LEX,1,0.037171363830566406
95,3,4,LEX+,1,0.0330045223236084
96,3,4,LEX,5,0.1388568878173828
97,3,4,LEX+,5,0.13547444343566895
98,3,4,LEX,2,0.03993487358093262
99,3,4,LEX+,2,0.04320263862609863
100,3,4,LEX,5,0.1500856876373291
101,3,4,LEX+,5,0.13678359985351562
102,3,4,LEX,3,0.06388664245605469
103,3,4,LEX+,3,0.05801701545715332
104,3,4,LEX,5,0.07515287399291992
105,3,4,LEX+,5,0.08229970932006836
106,3,4,LEX,1,0.03669118881225586
107,3,4,LEX+,1,0.028557777404785156
108,3,4,LEX,1,0.033106088638305664
109,3,4,LEX+,1,0.027931928634643555
110,3,4,LEX,3,0.0718686580657959
111,3,4,LEX+,3,0.06666135787963867
112,3,4,LEX,5,0.10725951194763184
113,3,4,LEX+,5,0.10396265983581543
114,3,4,LEX,2,0.03877568244934082
115,3,4,LEX+,2,0.04396986961364746
116,3,4,LEX,1,0.0284273624420166
117,3,4,LEX+,1,0.028469562530517578
118,3,4,LEX,1,0.03062152862548828
119,3,4,LEX+,1,0.026325225830078125
120,6,4,LEX,3,0.11328411102294922
121,6,4,LEX+,3,0.12168383598327637
122,6,4,LEX,2,0.046196937561035156
123,6,4,LEX+,2,0.06237196922302246
124,6,4,LEX,2,0.11269378662109375
125,6,4,LEX+,2,0.11463332176208496
126,6,4,LEX,2,0.09639573097229004
127,6,4,LEX+,2,0.09830522537231445
128,6,4,LEX,2,0.04973483085632324
129,6,4,LEX+,2,0.04847145080566406
130,6,4,LEX,2,0.10687923431396484
131,6,4,LEX+,2,0.17237424850463867
132,6,4,LEX,1,0.0427548885345459
133,6,4,LEX+,1,0.04531717300415039
134,6,4,LEX,1,0.03381490707397461
135,6,4,LEX+,1,0.03298068046569824
136,6,4,LEX,1,0.030509233474731445
137,6,4,LEX+,1,0.03622603416442871
138,6,4,LEX,2,0.1165468692779541
139,6,4,LEX+,2,0.12946081161499023
140,6,4,LEX,2,0.05403780937194824
141,6,4,LEX+,2,0.05419039726257324
142,6,4,LEX,3,0.0874626636505127
143,6,4,LEX+,3,0.07721900939941406
144,6,4,LEX,3,0.1143484115600586
145,6,4,LEX+,3,0.12819790840148926
146,6,4,LEX,3,0.08182406425476074
147,6,4,LEX+,3,0.07706093788146973
148,6,4,LEX,2,0.14500713348388672
149,6,4,LEX+,2,0.13954877853393555
150,6,4,LEX,1,0.1883251667022705
151,6,4,LEX+,1,0.10915780067443848
152,6,4,LEX,2,0.04645705223083496
153,6,4,LEX+,2,0.051625967025756836
154,6,4,LEX,1,0.0582120418548584
155,6,4,LEX+,1,0.05944633483886719
156,6,4,LEX,3,0.14236044883728027
157,6,4,LEX+,3,0.13102006912231445
158,6,4,LEX,2,0.18482708930969238
159,6,4,LEX+,2,0.17190241813659668
160,6,4,LEX,2,0.13243675231933594
161,6,4,LEX+,2,0.12003064155578613
162,6,4,LEX,2,0.04989266395568848
163,6,4,LEX+,2,0.04804730415344238
164,6,4,LEX,1,0.03724193572998047
165,6,4,LEX+,1,0.04973649978637695
166,6,4,LEX,1,0.03713226318359375
167,6,4,LEX+,1,0.04157280921936035
168,6,4,LEX,1,0.059110164642333984
169,6,4,LEX+,1,0.05893301963806152
170,6,4,LEX,2,0.13439726829528809
171,6,4,LEX+,2,0.13761210441589355
172,6,4,LEX,3,0.07625579833984375
173,6,4,LEX+,3,0.07935547828674316
174,6,4,LEX,1,0.042138099670410156
175,6,4,LEX+,1,0.03917860984802246
176,6,4,LEX,2,0.03573942184448242
177,6,4,LEX+,2,0.03789830207824707
178,6,4,LEX,1,0.13811731338500977
179,6,4,LEX+,1,0.08012199401855469
180,6,4,LEX,3,0.07269072532653809
181,6,4,LEX+,3,0.07611441612243652
182,6,4,LEX,3,0.17542719841003418
183,6,4,LEX+,3,0.17275786399841309
184,6,4,LEX,6,0.6233987808227539
185,6,4,LEX+,4,0.5331242084503174
186,6,4,LEX,3,0.13077497482299805
187,6,4,LEX+,3,0.13353848457336426
188,6,4,LEX,2,0.053098440170288086
189,6,4,LEX+,2,0.0528717041015625
190,6,4,LEX,3,0.12191534042358398
191,6,4,LEX+,3,0.1215217113494873
192,6,4,LEX,2,0.09603071212768555
193,6,4,LEX+,2,0.10386061668395996
194,6,4,LEX,2,0.10450339317321777
195,6,4,LEX+,2,0.10435891151428223
196,6,4,LEX,2,0.049546003341674805
197,6,4,LEX+,2,0.05172109603881836
198,6,4,LEX,1,0.03603696823120117
199,6,4,LEX+,1,0.039058685302734375
200,6,4,LEX,1,0.04002547264099121
201,6,4,LEX+,1,0.036106109619140625
202,6,4,LEX,1,0.04622364044189453
203,6,4,LEX+,1,0.038341522216796875
204,6,4,LEX,3,0.09997320175170898
205,6,4,LEX+,3,0.10111379623413086
206,6,4,LEX,1,0.03853249549865723
207,6,4,LEX+,1,0.03961968421936035
208,6,4,LEX,1,0.10283231735229492
209,6,4,LEX+,1,0.10500121116638184
210,6,4,LEX,1,0.03775787353515625
211,6,4,LEX+,1,0.037367820739746094
212,6,4,LEX,1,0.09627342224121094
213,6,4,LEX+,1,0.03816699981689453
214,6,4,LEX,1,0.041451215744018555
215,6,4,LEX+,1,0.03717494010925293
216,6,4,LEX,1,0.040094852447509766
217,6,4,LEX+,1,0.03543663024902344
218,6,4,LEX,2,0.040282249450683594
219,6,4,LEX+,2,0.04084300994873047
220,6,4,LEX,3,0.14461278915405273
221,6,4,LEX+,3,0.1402895450592041
222,6,4,LEX,1,0.04296684265136719
223,6,4,LEX+,1,0.04384803771972656
224,6,4,LEX,1,0.04055953025817871
225,6,4,LEX+,1,0.0356137752532959
226,6,4,LEX,1,0.04305124282836914
227,6,4,LEX+,1,0.03615427017211914
228,6,4,LEX,2,0.05011892318725586
229,6,4,LEX+,2,0.04527759552001953
230,6,4,LEX,2,0.05003786087036133
231,6,4,LEX+,2,0.04651188850402832
232,6,4,LEX,2,0.047865867614746094
233,6,4,LEX+,2,0.04868793487548828
234,6,4,LEX,1,0.039693593978881836
235,6,4,LEX+,1,0.039162397384643555
236,6,4,LEX,1,0.16584372520446777
237,6,4,LEX+,1,0.16310882568359375
238,6,4,LEX,1,0.03735613822937012
239,6,4,LEX+,1,0.039518117904663086
240,6,4,LEX,1,0.042249202728271484
241,6,4,LEX+,1,0.03607368469238281
242,6,4,LEX,2,0.05148172378540039
243,6,4,LEX+,2,0.04884481430053711
244,6,4,LEX,2,0.042670249938964844
245,6,4,LEX+,2,0.03724861145019531
246,6,4,LEX,1,0.028476476669311523
247,6,4,LEX+,1,0.032472848892211914
248,6,4,LEX,1,0.08160734176635742
249,6,4,LEX+,1,0.08676362037658691
250,6,4,LEX,2,0.04040813446044922
251,6,4,LEX+,2,0.03877687454223633
252,6,4,LEX,3,0.11564159393310547
253,6,4,LEX+,3,0.11922907829284668
254,6,4,LEX,1,0.040338754653930664
255,6,4,LEX+,1,0.03903698921203613
256,6,4,LEX,1,0.0784139633178711
257,6,4,LEX+,1,0.07829856872558594
258,6,4,LEX,2,0.19063162803649902
259,6,4,LEX+,2,0.20363354682922363
260,6,4,LEX,3,0.07597875595092773
261,6,4,LEX+,3,0.07528376579284668
262,6,4,LEX,2,0.048700571060180664
263,6,4,LEX+,2,0.04772448539733887
264,6,4,LEX,1,0.04005146026611328
265,6,4,LEX+,1,0.03561806678771973
266,6,4,LEX,3,0.08501148223876953
267,6,4,LEX+,3,0.08127236366271973
268,6,4,LEX,3,0.1379411220550537
269,6,4,LEX+,3,0.17880678176879883
270,6,4,LEX,2,0.13511896133422852
271,6,4,LEX+,2,0.09771013259887695
272,6,4,LEX,1,0.03779745101928711
273,6,4,LEX+,1,0.03771018981933594
274,6,4,LEX,1,0.09030890464782715
275,6,4,LEX+,1,0.08580136299133301
276,6,4,LEX,1,0.10422992706298828
277,6,4,LEX+,1,0.10547804832458496
278,6,4,LEX,1,0.04850363731384277
279,6,4,LEX+,1,0.046811819076538086
280,6,4,LEX,2,0.04651212692260742
281,6,4,LEX+,2,0.04712176322937012
282,6,4,LEX,3,0.09854936599731445
283,6,4,LEX+,3,0.0965738296508789
284,6,4,LEX,1,0.04401397705078125
285,6,4,LEX+,1,0.03868746757507324
286,6,4,LEX,1,0.04605507850646973
287,6,4,LEX+,1,0.04161477088928223
288,6,4,LEX,1,0.06058669090270996
289,6,4,LEX+,1,0.06433463096618652
290,6,4,LEX,2,0.1725478172302246
291,6,4,LEX+,2,0.18332648277282715
292,6,4,LEX,1,0.03212308883666992
293,6,4,LEX+,1,0.031005382537841797
294,6,4,LEX,1,0.11216282844543457
295,6,4,LEX+,1,0.10665655136108398
296,6,4,LEX,3,0.09053874015808105
297,6,4,LEX+,3,0.10902070999145508
298,6,4,LEX,3,0.09087967872619629
299,6,4,LEX+,3,0.08502745628356934
300,6,4,LEX,1,0.08162093162536621
301,6,4,LEX+,1,0.0891275405883789
302,6,4,LEX,1,0.050188302993774414
303,6,4,LEX+,1,0.04572248458862305
304,6,4,LEX,2,0.0519711971282959
305,6,4,LEX+,2,0.053775787353515625
306,6,4,LEX,1,0.0323023796081543
307,6,4,LEX+,1,0.028990745544433594
308,6,4,LEX,1,0.08883404731750488
309,6,4,LEX+,1,0.08104443550109863
310,6,4,LEX,1,0.03904271125793457
311,6,4,LEX+,1,0.04176950454711914
312,6,4,LEX,1,0.04214072227478027
313,6,4,LEX+,1,0.04263734817504883
314,6,4,LEX,2,0.049535274505615234
315,6,4,LEX+,2,0.046547889709472656
316,6,4,LEX,1,0.15912866592407227
317,6,4,LEX+,1,0.1486959457397461
318,6,4,LEX,1,0.03847217559814453
319,6,4,LEX+,1,0.037595510482788086
320,6,4,LEX,1,0.037602901458740234
321,6,4,LEX+,1,0.039681196212768555
322,6,4,LEX,6,0.6600735187530518
323,6,4,LEX+,4,0.5376057624816895
324,6,4,LEX,1,0.04031205177307129
325,6,4,LEX+,1,0.03491616249084473
326,6,4,LEX,3,0.11431264877319336
327,6,4,LEX+,3,0.11697912216186523
328,6,4,LEX,1,0.037209272384643555
329,6,4,LEX+,1,0.0390470027923584
330,6,4,LEX,1,0.04385542869567871
331,6,4,LEX+,1,0.041800498962402344
332,6,4,LEX,3,0.12338638305664062
333,6,4,LEX+,3,0.12392234802246094
334,6,4,LEX,1,0.027324438095092773
335,6,4,LEX+,1,0.03163766860961914
336,6,4,LEX,3,0.17522907257080078
337,6,4,LEX+,3,0.17672133445739746
338,6,4,LEX,1,0.09412693977355957
339,6,4,LEX+,1,0.09029793739318848
340,6,4,LEX,1,0.03553628921508789
341,6,4,LEX+,1,0.028995752334594727
342,6,4,LEX,2,0.05026388168334961
343,6,4,LEX+,2,0.054091453552246094
344,6,4,LEX,6,0.7465224266052246
345,6,4,LEX+,4,0.6288866996765137
346,6,4,LEX,3,0.0877237319946289
347,6,4,LEX+,3,0.08305168151855469
348,6,4,LEX,2,0.12263178825378418
349,6,4,LEX+,2,0.13175749778747559
350,6,4,LEX,2,0.13491296768188477
351,6,4,LEX+,2,0.14544367790222168
352,6,4,LEX,1,0.04667186737060547
353,6,4,LEX+,1,0.04770374298095703
354,6,4,LEX,1,0.030030488967895508
355,6,4,LEX+,1,0.026598453521728516
356,6,4,LEX,1,0.1058356761932373
357,6,4,LEX+,1,0.10405874252319336
358,6,4,LEX,3,0.1819295883178711
359,6,4,LEX+,3,0.17435789108276367
360,10,4,LEX,1,0.26050257682800293
361,10,4,LEX+,1,0.2595834732055664
362,10,4,LEX,2,0.12711310386657715
363,10,4,LEX+,2,0.12364935874938965
364,10,4,LEX,1,0.04798579216003418
365,10,4,LEX+,1,0.049593210220336914
366,10,4,LEX,1,0.04848980903625488
367,10,4,LEX+,1,0.047104835510253906
368,10,4,LEX,1,0.04911017417907715
369,10,4,LEX+,1,0.045706987380981445
370,10,4,LEX,2,0.05162453651428223
371,10,4,LEX+,2,0.049623727798461914
372,10,4,LEX,1,0.1153411865234375
373,10,4,LEX+,1,0.07432031631469727
374,10,4,LEX,1,0.04254460334777832
375,10,4,LEX+,1,0.03588151931762695
376,10,4,LEX,1,0.15480375289916992
377,10,4,LEX+,1,0.1516561508178711
378,10,4,LEX,18,1.705594778060913
379,10,4,LEX+,4,1.0149335861206055
380,10,4,LEX,1,0.05901741981506348
381,10,4,LEX+,1,0.058757781982421875
382,10,4,LEX,1,0.04566359519958496
383,10,4,LEX+,1,0.05179572105407715
384,10,4,LEX,1,0.04763340950012207
385,10,4,LEX+,1,0.050057172775268555
386,10,4,LEX,1,0.06571030616760254
387,10,4,LEX+,1,0.06317687034606934
388,10,4,LEX,1,0.11264777183532715
389,10,4,LEX+,1,0.10878872871398926
390,10,4,LEX,4,0.12909317016601562
391,10,4,LEX+,2,0.11477375030517578
392,10,4,LEX,4,0.15008878707885742
393,10,4,LEX+,2,0.11216092109680176
394,10,4,LEX,1,0.03731966018676758
395,10,4,LEX+,1,0.04187417030334473
396,10,4,LEX,1,0.04541659355163574
397,10,4,LEX+,1,0.10480117797851562
398,10,4,LEX,1,0.21353816986083984
399,10,4,LEX+,1,0.22200751304626465
400,10,4,LEX,3,0.0940711498260498
401,10,4,LEX+,2,0.07831382751464844
402,10,4,LEX,1,0.0505063533782959
403,10,4,LEX+,1,0.04998970031738281
404,10,4,LEX,1,0.04953575134277344
405,10,4,LEX+,1,0.05325198173522949
406,10,4,LEX,1,0.048970699310302734
407,10,4,LEX+,1,0.04826188087463379
408,10,4,LEX,1,0.0498502254486084
409,10,4,LEX+,1,0.05012989044189453
410,10,4,LEX,2,0.13928937911987305
411,10,4,LEX+,2,0.1330552101135254
412,10,4,LEX,1,0.04685235023498535
413,10,4,LEX+,1,0.040268898010253906
414,10,4,LEX,1,0.05348706245422363
415,10,4,LEX+,1,0.049546003341674805
416,10,4,LEX,1,0.05022573471069336
417,10,4,LEX+,1,0.045098304748535156
418,10,4,LEX,1,0.053716182708740234
419,10,4,LEX+,1,0.04685783386230469
420,10,4,LEX,1,0.05036807060241699
421,10,4,LEX+,1,0.05053520202636719
422,10,4,LEX,3,0.7483391761779785
423,10,4,LEX+,2,0.6142380237579346
424,10,4,LEX,1,0.2004694938659668
425,10,4,LEX+,1,0.18629908561706543
426,10,4,LEX,1,0.3142855167388916
427,10,4,LEX+,1,0.25400853157043457
428,10,4,LEX,1,0.0479428768157959
429,10,4,LEX+,1,0.05080008506774902
430,10,4,LEX,2,0.07800841331481934
431,10,4,LEX+,2,0.07677340507507324
432,10,4,LEX,1,0.04356670379638672
433,10,4,LEX+,1,0.03606534004211426
434,10,4,LEX,1,0.04044032096862793
435,10,4,LEX+,1,0.03873109817504883
436,10,4,LEX,1,0.21938371658325195
437,10,4,LEX+,1,0.21398425102233887
438,10,4,LEX,1,0.0459747314453125
439,10,4,LEX+,1,0.051126956939697266
440,10,4,LEX,1,0.045228004455566406
441,10,4,LEX+,1,0.050919532775878906
442,10,4,LEX,6,0.4316556453704834
443,10,4,LEX+,4,0.3285713195800781
444,10,4,LEX,16,0.6299052238464355
445,10,4,LEX+,8,0.4798238277435303
446,10,4,LEX,1,0.048004150390625
447,10,4,LEX+,1,0.04707741737365723
448,10,4,LEX,2,0.8064436912536621
449,10,4,LEX+,1,0.6006956100463867
450,10,4,LEX,16,1.097447395324707
451,10,4,LEX+,6,0.7643778324127197
452,10,4,LEX,1,0.040985107421875
453,10,4,LEX+,1,0.039127349853515625
454,10,4,LEX,1,0.04857444763183594
455,10,4,LEX+,1,0.04839038848876953
456,10,4,LEX,2,0.13599252700805664
457,10,4,LEX+,2,0.15087175369262695
458,10,4,LEX,16,0.6077134609222412
459,10,4,LEX+,8,0.42751550674438477
460,10,4,LEX,2,0.05106043815612793
461,10,4,LEX+,2,0.0453333854675293
462,10,4,LEX,6,0.3645784854888916
463,10,4,LEX+,4,0.3524801731109619
464,10,4,LEX,1,0.04008078575134277
465,10,4,LEX+,1,0.03998279571533203
466,10,4,LEX,1,0.04723525047302246
467,10,4,LEX+,1,0.050513267517089844
468,10,4,LEX,1,0.0456850528717041
469,10,4,LEX+,1,0.052675485610961914
470,10,4,LEX,2,0.15311479568481445
471,10,4,LEX+,2,0.14977502822875977
472,10,4,LEX,1,0.04182744026184082
473,10,4,LEX+,1,0.0371251106262207
474,10,4,LEX,1,0.049530029296875
475,10,4,LEX+,1,0.04566240310668945
476,10,4,LEX,1,0.052724599838256836
477,10,4,LEX+,1,0.046163082122802734
478,10,4,LEX,37,2.1681439876556396
479,10,4,LEX+,10,1.1847789287567139
480,10,4,LEX,1,0.036618947982788086
481,10,4,LEX+,1,0.04199409484863281
482,10,4,LEX,6,0.6132323741912842
483,10,4,LEX+,4,0.5234529972076416
484,10,4,LEX,1,0.1672976016998291
485,10,4,LEX+,1,0.17103886604309082
486,10,4,LEX,1,0.42569398880004883
487,10,4,LEX+,1,0.36775946617126465
488,10,4,LEX,2,0.09976768493652344
489,10,4,LEX+,2,0.09689855575561523
490,10,4,LEX,25,2.6719977855682373
491,10,4,LEX+,6,1.4972269535064697
492,10,4,LEX,1,0.1190943717956543
493,10,4,LEX+,1,0.11962604522705078
494,10,4,LEX,1,0.05049252510070801
495,10,4,LEX+,1,0.04949951171875
496,10,4,LEX,1,0.04145932197570801
497,10,4,LEX+,1,0.04179072380065918
498,10,4,LEX,1,0.057865142822265625
499,10,4,LEX+,1,0.04910588264465332
500,10,4,LEX,1,0.128828763961792
501,10,4,LEX+,1,0.13717055320739746
502,10,4,LEX,40,7.593458414077759
503,10,4,LEX+,6,2.90012264251709
504,10,4,LEX,1,0.05354928970336914
505,10,4,LEX+,1,0.049088239669799805
506,10,4,LEX,1,0.049246788024902344
507,10,4,LEX+,1,0.0456545352935791
508,10,4,LEX,4,0.3110804557800293
509,10,4,LEX+,2,0.24999713897705078
510,10,4,LEX,1,0.038965463638305664
511,10,4,LEX+,1,0.04145693778991699
512,10,4,LEX,1,0.05096888542175293
513,10,4,LEX+,1,0.0476231575012207
514,10,4,LEX,3,0.07879400253295898
515,10,4,LEX+,3,0.07949328422546387
516,10,4,LEX,1,0.049866437911987305
517,10,4,LEX+,1,0.04973173141479492
518,10,4,LEX,1,0.0505375862121582
519,10,4,LEX+,1,0.048013925552368164
520,10,4,LEX,1,0.06161999702453613
521,10,4,LEX+,1,0.05556535720825195
522,10,4,LEX,1,0.23920750617980957
523,10,4,LEX+,1,0.24941682815551758
524,10,4,LEX,1,0.052426815032958984
525,10,4,LEX+,1,0.05223536491394043
526,10,4,LEX,2,0.2885136604309082
527,10,4,LEX+,2,0.29114246368408203
528,10,4,LEX,1,0.12446761131286621
529,10,4,LEX+,1,0.12948107719421387
530,10,4,LEX,7,0.43180108070373535
531,10,4,LEX+,2,0.25766468048095703
532,10,4,LEX,16,0.5904603004455566
533,10,4,LEX+,8,0.4488556385040283
534,10,4,LEX,1,0.06701302528381348
535,10,4,LEX+,1,0.06800270080566406
536,10,4,LEX,1,0.050701141357421875
537,10,4,LEX+,1,0.04495692253112793
538,10,4,LEX,1,0.0570070743560791
539,10,4,LEX+,1,0.04503440856933594
540,10,4,LEX,3,0.08037066459655762
541,10,4,LEX+,3,0.07693028450012207
542,10,4,LEX,2,0.13077449798583984
543,10,4,LEX+,1,0.10707569122314453
544,10,4,LEX,3,0.07507014274597168
545,10,4,LEX+,3,0.0750734806060791
546,10,4,LEX,15,0.9854700565338135
547,10,4,LEX+,6,0.7976915836334229
548,10,4,LEX,1,0.10488176345825195
549,10,4,LEX+,1,0.10565567016601562
550,10,4,LEX,1,0.055089473724365234
551,10,4,LEX+,1,0.04748654365539551
552,10,4,LEX,1,0.2316758632659912
553,10,4,LEX+,1,0.22712421417236328
554,10,4,LEX,2,0.048645734786987305
555,10,4,LEX+,2,0.048065900802612305
556,10,4,LEX,1,0.05080771446228027
557,10,4,LEX+,1,0.0459904670715332
558,10,4,LEX,1,0.04200911521911621
559,10,4,LEX+,1,0.041550397872924805
560,10,4,LEX,1,0.08820962905883789
561,10,4,LEX+,1,0.08824825286865234
562,10,4,LEX,1,0.05008220672607422
563,10,4,LEX+,1,0.05345559120178223
564,10,4,LEX,1,0.18648695945739746
565,10,4,LEX+,1,0.1885058879852295
566,10,4,LEX,1,0.03751540184020996
567,10,4,LEX+,1,0.04070019721984863
568,10,4,LEX,1,0.0493471622467041
569,10,4,LEX+,1,0.052384138107299805
570,10,4,LEX,1,0.12246823310852051
571,10,4,LEX+,1,0.12810802459716797
572,10,4,LEX,1,0.13359498977661133
573,10,4,LEX+,1,0.14754390716552734
574,10,4,LEX,1,0.07831144332885742
575,10,4,LEX+,1,0.08053970336914062
576,10,4,LEX,37,1.2305943965911865
577,10,4,LEX+,10,0.6690411567687988
578,10,4,LEX,1,0.03831291198730469
579,10,4,LEX+,1,0.03809356689453125
580,10,4,LEX,2,0.052015066146850586
581,10,4,LEX+,2,0.04926300048828125
582,10,4,LEX,1,0.06801724433898926
583,10,4,LEX+,1,0.07037687301635742
584,10,4,LEX,1,0.15750789642333984
585,10,4,LEX+,1,0.1597597599029541
586,10,4,LEX,1,0.09009337425231934
587,10,4,LEX+,1,0.08949875831604004
588,10,4,LEX,1,0.06813240051269531
589,10,4,LEX+,1,0.07169032096862793
590,10,4,LEX,63,7.719503879547119
591,10,4,LEX+,10,4.344943523406982
592,10,4,LEX,25,1.2131099700927734
593,10,4,LEX+,6,0.6910421848297119
594,10,4,LEX,4,0.18513751029968262
595,10,4,LEX+,2,0.16884469985961914
596,10,4,LEX,2,0.14517903327941895
597,10,4,LEX+,2,0.15508484840393066
598,10,4,LEX,2,0.14828133583068848
599,10,4,LEX+,2,0.16722607612609863
600,10,4,LEX,1,0.2480473518371582
601,10,4,LEX+,1,0.25371861457824707
602,10,4,LEX,1,0.25395631790161133
603,10,4,LEX+,1,0.2640054225921631
604,10,4,LEX,25,2.798600196838379
605,10,4,LEX+,6,1.4863791465759277
606,10,4,LEX,2,0.09775710105895996
607,10,4,LEX+,2,0.0939943790435791
608,10,4,LEX,1,0.10135436058044434
609,10,4,LEX+,1,0.16715359687805176
610,10,4,LEX,2,0.0865938663482666
611,10,4,LEX+,2,0.09133648872375488
612,10,4,LEX,1,0.04661273956298828
613,10,4,LEX+,1,0.0525515079498291
614,10,4,LEX,16,2.059427499771118
615,10,4,LEX+,6,1.4197173118591309
616,10,4,LEX,1,0.057743072509765625
617,10,4,LEX+,1,0.04753732681274414
618,10,4,LEX,2,0.09393048286437988
619,10,4,LEX+,2,0.09543919563293457
620,10,4,LEX,2,0.11501193046569824
621,10,4,LEX+,2,0.11668586730957031
622,10,4,LEX,3,0.06728219985961914
623,10,4,LEX+,3,0.06889653205871582
624,10,4,LEX,1,0.16087722778320312
625,10,4,LEX+,1,0.16776561737060547
626,10,4,LEX,1,0.037418365478515625
627,10,4,LEX+,1,0.04144144058227539
628,10,4,LEX,1,0.05807662010192871
629,10,4,LEX+,1,0.059964895248413086
630,10,4,LEX,4,0.2003154754638672
631,10,4,LEX+,2,0.14913320541381836
632,10,4,LEX,4,0.29073143005371094
633,10,4,LEX+,2,0.22312498092651367
634,10,4,LEX,1,0.04981708526611328
635,10,4,LEX+,1,0.04914426803588867
636,10,4,LEX,1,0.25298476219177246
637,10,4,LEX+,1,0.26674461364746094
638,10,4,LEX,6,0.37316083908081055
639,10,4,LEX+,4,0.3081779479980469
640,10,4,LEX,1,0.051990509033203125
641,10,4,LEX+,1,0.045758962631225586
642,10,4,LEX,1,0.053258419036865234
643,10,4,LEX+,1,0.04485607147216797
644,10,4,LEX,1,0.09595847129821777
645,10,4,LEX+,1,0.03937387466430664
646,10,4,LEX,1,0.2924058437347412
647,10,4,LEX+,1,0.29309582710266113
648,10,4,LEX,1,0.050959110260009766
649,10,4,LEX+,1,0.04937887191772461
650,10,4,LEX,18,3.2678282260894775
651,10,4,LEX+,4,1.535193920135498
652,10,4,LEX,1,0.20035886764526367
653,10,4,LEX+,1,0.20287680625915527
654,10,4,LEX,1,0.0525360107421875
655,10,4,LEX+,1,0.04537510871887207
656,10,4,LEX,1,0.11880207061767578
657,10,4,LEX+,1,0.11676692962646484
658,10,4,LEX,1,0.14644575119018555
659,10,4,LEX+,1,0.14160394668579102
660,10,4,LEX,2,0.1415085792541504
661,10,4,LEX+,2,0.13109111785888672
662,10,4,LEX,2,0.04956698417663574
663,10,4,LEX+,2,0.048867225646972656
664,10,4,LEX,1,0.7882490158081055
665,10,4,LEX+,1,0.6176495552062988
666,10,4,LEX,1,0.038359642028808594
667,10,4,LEX+,1,0.041265010833740234
668,10,4,LEX,2,0.04602336883544922
669,10,4,LEX+,2,0.04942440986633301
670,10,4,LEX,1,0.22963237762451172
671,10,4,LEX+,1,0.23549699783325195
672,10,4,LEX,1,0.04723787307739258
673,10,4,LEX+,1,0.05028033256530762
674,10,4,LEX,1,0.050658226013183594
675,10,4,LEX+,1,0.05530548095703125
676,10,4,LEX,1,0.24845576286315918
677,10,4,LEX+,1,0.24977850914001465
678,10,4,LEX,2,0.0957789421081543
679,10,4,LEX+,2,0.09570455551147461
680,10,4,LEX,2,0.10842466354370117
681,10,4,LEX+,2,0.11196684837341309
682,10,4,LEX,1,0.039521217346191406
683,10,4,LEX+,1,0.049355268478393555
684,10,4,LEX,1,0.11150336265563965
685,10,4,LEX+,1,0.11908197402954102
686,10,4,LEX,1,0.03793597221374512
687,10,4,LEX+,1,0.041109323501586914
688,10,4,LEX,1,0.10652732849121094
689,10,4,LEX+,1,0.09499287605285645
690,10,4,LEX,1,0.05047488212585449
691,10,4,LEX+,1,0.048958539962768555
692,10,4,LEX,1,0.5366923809051514
693,10,4,LEX+,1,0.4818909168243408
694,10,4,LEX,1,0.05572032928466797
695,10,4,LEX+,1,0.05409073829650879
696,10,4,LEX,1,0.05301809310913086
697,10,4,LEX+,1,0.0462803840637207
698,10,4,LEX,1,0.29187870025634766
699,10,4,LEX+,1,0.28069353103637695
700,10,4,LEX,1,0.05959796905517578
701,10,4,LEX+,1,0.06218433380126953
702,10,4,LEX,1,0.03655266761779785
703,10,4,LEX+,1,0.0400700569152832
704,10,4,LEX,1,0.2532038688659668
705,10,4,LEX+,1,0.2567312717437744
706,10,4,LEX,2,0.10591959953308105
707,10,4,LEX+,2,0.10725998878479004
708,10,4,LEX,1,0.19278883934020996
709,10,4,LEX+,1,0.17992925643920898
710,10,4,LEX,1,0.1738729476928711
711,10,4,LEX+,1,0.173661470413208
712,10,4,LEX,1,0.040235042572021484
713,10,4,LEX+,1,0.04135894775390625
714,10,4,LEX,3,0.0850825309753418
715,10,4,LEX+,3,0.0812370777130127
716,10,4,LEX,1,0.13414430618286133
717,10,4,LEX+,1,0.1302170753479004
718,10,4,LEX,1,0.06159043312072754
719,10,4,LEX+,1,0.05361008644104004
720,15,4,LEX,3,0.18636679649353027
721,15,4,LEX+,2,0.24318695068359375
722,15,4,LEX,1,0.05650162696838379
723,15,4,LEX+,1,0.060831546783447266
724,15,4,LEX,8,6.593844890594482
725,15,4,LEX+,3,2.7831571102142334
726,15,4,LEX,1,0.048209190368652344
727,15,4,LEX+,1,0.051702260971069336
728,15,4,LEX,7,5.006289958953857
729,15,4,LEX+,2,2.5343432426452637
730,15,4,LEX,1,0.20734572410583496
731,15,4,LEX+,1,0.19684958457946777
732,15,4,LEX,19,1.2909338474273682
733,15,4,LEX+,4,0.5816020965576172
734,15,4,LEX,12,0.5597422122955322
735,15,4,LEX+,2,0.2307419776916504
736,15,4,LEX,12,1.3503820896148682
737,15,4,LEX+,3,0.741919994354248
738,15,4,LEX,14,1.201909065246582
739,15,4,LEX+,2,0.5292460918426514
740,15,4,LEX,1,0.09953117370605469
741,15,4,LEX+,1,0.07912087440490723
742,15,4,LEX,24,1.4596796035766602
743,15,4,LEX+,3,0.4907560348510742
744,15,4,LEX,1,0.2625913619995117
745,15,4,LEX+,1,0.26810145378112793
746,15,4,LEX,2,0.9189836978912354
747,15,4,LEX+,2,0.7563071250915527
748,15,4,LEX,26,4.419106960296631
749,15,4,LEX+,2,1.9179408550262451
750,15,4,LEX,5,1.5341005325317383
751,15,4,LEX+,2,0.7535398006439209
752,15,4,LEX,1,0.04674506187438965
753,15,4,LEX+,1,0.05286002159118652
754,15,4,LEX,6,0.4524412155151367
755,15,4,LEX+,1,0.2126479148864746
756,15,4,LEX,60,40.035526275634766
757,15,4,LEX+,2,10.871352195739746
758,15,4,LEX,49,2.894963264465332
759,15,4,LEX+,5,1.0157420635223389
760,15,4,LEX,1,0.054175615310668945
761,15,4,LEX+,1,0.0541987419128418
762,15,4,LEX,1,0.050460100173950195
763,15,4,LEX+,1,0.04716849327087402
764,15,4,LEX,1,0.05152010917663574
765,15,4,LEX+,1,0.04604077339172363
766,15,4,LEX,1,0.05190134048461914
767,15,4,LEX+,1,0.045807838439941406
768,15,4,LEX,2,0.06957507133483887
769,15,4,LEX+,2,0.07698488235473633
770,15,4,LEX,1,0.047455787658691406
771,15,4,LEX+,1,0.054319143295288086
772,15,4,LEX,1,0.2563793659210205
773,15,4,LEX+,1,0.2554488182067871
774,15,4,LEX,6,0.16608643531799316
775,15,4,LEX+,2,0.12358236312866211
776,15,4,LEX,1,0.0507359504699707
777,15,4,LEX+,1,0.05134868621826172
778,15,4,LEX,4,0.5020320415496826
779,15,4,LEX+,1,0.23791146278381348
780,15,4,LEX,2,0.06894326210021973
781,15,4,LEX+,1,0.05813193321228027
782,15,4,LEX,2,4.000268459320068
783,15,4,LEX+,1,1.7719573974609375
784,15,4,LEX,6,0.12988066673278809
785,15,4,LEX+,3,0.09717512130737305
786,15,4,LEX,1,0.04833078384399414
787,15,4,LEX+,1,0.048752546310424805
788,15,4,LEX,8,0.588188648223877
789,15,4,LEX+,2,0.30159449577331543
790,15,4,LEX,1,0.04827690124511719
791,15,4,LEX+,1,0.04829907417297363
792,15,4,LEX,28,1.4018638134002686
793,15,4,LEX+,5,0.5872554779052734
794,15,4,LEX,1,0.2612757682800293
795,15,4,LEX+,1,0.25400209426879883
796,15,4,LEX,16,0.3629605770111084
797,15,4,LEX+,5,0.2120213508605957
798,15,4,LEX,3,0.0907900333404541
799,15,4,LEX+,2,0.07681679725646973
800,15,4,LEX,12,0.27840757369995117
801,15,4,LEX+,4,0.1785135269165039
802,15,4,LEX,1,0.05213737487792969
803,15,4,LEX+,1,0.04559040069580078
804,15,4,LEX,28,0.9974274635314941
805,15,4,LEX+,5,0.5556824207305908
806,15,4,LEX,4,0.20148706436157227
807,15,4,LEX+,2,0.15949773788452148
808,15,4,LEX,10,1.0171563625335693
809,15,4,LEX+,1,0.4229466915130615
810,15,4,LEX,7,1.5979509353637695
811,15,4,LEX+,4,1.081690788269043
812,15,4,LEX,2,0.2462468147277832
813,15,4,LEX+,1,0.2005479335784912
814,15,4,LEX,1,0.050060272216796875
815,15,4,LEX+,1,0.0490570068359375
816,15,4,LEX,9,0.15946030616760254
817,15,4,LEX+,1,0.06960415840148926
818,15,4,LEX,1,0.19340896606445312
819,15,4,LEX+,1,0.1898636817932129
820,15,4,LEX,6,0.4349324703216553
821,15,4,LEX+,1,0.16580653190612793
822,15,4,LEX,2,0.6296241283416748
823,15,4,LEX+,1,0.5594751834869385
824,15,4,LEX,1,0.0524139404296875
825,15,4,LEX+,1,0.04501986503601074
826,15,4,LEX,1,0.05221104621887207
827,15,4,LEX+,1,0.046053171157836914
828,15,4,LEX,2,0.07142162322998047
829,15,4,LEX+,1,0.0587773323059082
830,15,4,LEX,19,3.8613295555114746
831,15,4,LEX+,5,2.321894645690918
832,15,4,LEX,4,1.0196983814239502
833,15,4,LEX+,1,0.5299692153930664
834,15,4,LEX,6,1.1610653400421143
835,15,4,LEX+,1,0.39562201499938965
836,15,4,LEX,1,0.08941531181335449
837,15,4,LEX+,1,0.08879923820495605
838,15,4,LEX,1,0.06746625900268555
839,15,4,LEX+,1,0.07023406028747559
840,15,4,LEX,8,0.28624796867370605
841,15,4,LEX+,2,0.18846964836120605
842,15,4,LEX,8,0.7862684726715088
843,15,4,LEX+,2,0.39089179039001465
844,15,4,LEX,36,14.527624368667603
845,15,4,LEX+,3,4.4177775382995605
846,15,4,LEX,1,0.05185699462890625
847,15,4,LEX+,1,0.04752659797668457
848,15,4,LEX,1,0.21787500381469727
849,15,4,LEX+,1,0.2052316665649414
850,15,4,LEX,49,3.019303321838379
851,15,4,LEX+,5,0.8634986877441406
852,15,4,LEX,1,0.14725947380065918
853,15,4,LEX+,1,0.161299467086792
854,15,4,LEX,6,1.3945949077606201
855,15,4,LEX+,2,0.9941606521606445
856,15,4,LEX,18,0.5255248546600342
857,15,4,LEX+,5,0.34541988372802734
858,15,4,LEX,2,0.5191946029663086
859,15,4,LEX+,1,0.4338071346282959
860,15,4,LEX,4,1.3056883811950684
861,15,4,LEX+,1,0.8594653606414795
862,15,4,LEX,49,37.02164649963379
863,15,4,LEX+,2,10.123170614242554
864,15,4,LEX,1,0.05236077308654785
865,15,4,LEX+,1,0.04826498031616211
866,15,4,LEX,1,0.08879327774047852
867,15,4,LEX+,1,0.08404374122619629
868,15,4,LEX,31,10.33082628250122
869,15,4,LEX+,3,3.6377201080322266
870,15,4,LEX,1,0.052458763122558594
871,15,4,LEX+,1,0.048987388610839844
872,15,4,LEX,11,0.24464964866638184
873,15,4,LEX+,1,0.0751807689666748
874,15,4,LEX,19,2.6263489723205566
875,15,4,LEX+,2,1.3682875633239746
876,15,4,LEX,2,0.13537120819091797
877,15,4,LEX+,2,0.13929057121276855
878,15,4,LEX,1,0.05521678924560547
879,15,4,LEX+,1,0.0611577033996582
880,15,4,LEX,6,0.8935606479644775
881,15,4,LEX+,4,0.8193674087524414
882,15,4,LEX,1,0.046601057052612305
883,15,4,LEX+,1,0.050008296966552734
884,15,4,LEX,7,2.4107959270477295
885,15,4,LEX+,2,1.5231611728668213
886,15,4,LEX,1,0.0471959114074707
887,15,4,LEX+,1,0.05191850662231445
888,15,4,LEX,3,0.5830857753753662
889,15,4,LEX+,2,0.45301389694213867
890,15,4,LEX,1,0.05682706832885742
891,15,4,LEX+,1,0.059040069580078125
892,15,4,LEX,21,11.515851020812988
893,15,4,LEX+,2,3.1227850914001465
894,15,4,LEX,1,8.555166482925415
895,15,4,LEX+,1,4.2460246086120605
896,15,4,LEX,19,1.8736612796783447
897,15,4,LEX+,2,0.6694755554199219
898,15,4,LEX,5,1.8273506164550781
899,15,4,LEX+,2,1.0622928142547607
900,15,4,LEX,1,0.2029869556427002
901,15,4,LEX+,1,0.19334936141967773
902,15,4,LEX,1,0.0468904972076416
903,15,4,LEX+,1,0.053266048431396484
904,15,4,LEX,16,1.4743471145629883
905,15,4,LEX+,2,0.47860240936279297
906,15,4,LEX,6,0.39554810523986816
907,15,4,LEX+,4,0.3416111469268799
908,15,4,LEX,24,3.3246872425079346
909,15,4,LEX+,3,0.9884002208709717
910,15,4,LEX,3,0.10688996315002441
911,15,4,LEX+,3,0.09850049018859863
912,15,4,LEX,1,0.08872866630554199
913,15,4,LEX+,1,0.07596611976623535
914,15,4,LEX,24,10.36029314994812
915,15,4,LEX+,2,4.047729730606079
916,15,4,LEX,34,2.317537546157837
917,15,4,LEX+,5,1.0198497772216797
918,15,4,LEX,4,0.14455914497375488
919,15,4,LEX+,2,0.11898565292358398
920,15,4,LEX,19,0.9029550552368164
921,15,4,LEX+,4,0.3600761890411377
922,15,4,LEX,1,0.05025053024291992
923,15,4,LEX+,1,0.04791855812072754
924,15,4,LEX,9,0.5705084800720215
925,15,4,LEX+,1,0.24638104438781738
926,15,4,LEX,4,0.34850573539733887
927,15,4,LEX+,1,0.21175646781921387
928,15,4,LEX,19,4.142156600952148
929,15,4,LEX+,3,1.5801513195037842
930,15,4,LEX,3,0.16664743423461914
931,15,4,LEX+,2,0.15047216415405273
932,15,4,LEX,1,0.12000560760498047
933,15,4,LEX+,1,0.12557721138000488
934,15,4,LEX,21,3.6089630126953125
935,15,4,LEX+,2,1.1640255451202393
936,15,4,LEX,1,0.048505544662475586
937,15,4,LEX+,1,0.049585580825805664
938,15,4,LEX,1,0.05003523826599121
939,15,4,LEX+,1,0.049199819564819336
940,15,4,LEX,4,0.09928727149963379
941,15,4,LEX+,1,0.0678708553314209
942,15,4,LEX,1,0.29108500480651855
943,15,4,LEX+,1,0.24216794967651367
944,15,4,LEX,10,0.3380427360534668
945,15,4,LEX+,3,0.238511323928833
946,15,4,LEX,1,0.1365373134613037
947,15,4,LEX+,1,0.15021204948425293
948,15,4,LEX,1,0.046402692794799805
949,15,4,LEX+,1,0.05120730400085449
950,15,4,LEX,1,8.801851034164429
951,15,4,LEX+,1,4.030628204345703
952,15,4,LEX,1,0.32462143898010254
953,15,4,LEX+,1,0.25345301628112793
954,15,4,LEX,2,1.4611847400665283
955,15,4,LEX+,1,0.49613165855407715
956,15,4,LEX,8,7.647340774536133
957,15,4,LEX+,2,6.017393589019775
958,15,4,LEX,1,0.05192852020263672
959,15,4,LEX+,1,0.049634695053100586
960,15,4,LEX,1,0.05057835578918457
961,15,4,LEX+,1,0.050484418869018555
962,15,4,LEX,1,0.0485987663269043
963,15,4,LEX+,1,0.04857182502746582
964,15,4,LEX,3,0.8777079582214355
965,15,4,LEX+,1,0.6007859706878662
966,15,4,LEX,21,4.3157265186309814
967,15,4,LEX+,2,1.5515727996826172
968,15,4,LEX,49,2.839036226272583
969,15,4,LEX+,5,0.8451073169708252
970,15,4,LEX,4,4.8432605266571045
971,15,4,LEX+,1,1.4963407516479492
972,15,4,LEX,5,6.823379039764404
973,15,4,LEX+,3,3.4405767917633057
974,15,4,LEX,16,0.5035533905029297
975,15,4,LEX+,2,0.2088925838470459
976,15,4,LEX,2,0.42296528816223145
977,15,4,LEX+,1,0.2377941608428955
978,15,4,LEX,1,0.14707469940185547
979,15,4,LEX+,1,0.20573735237121582
980,15,4,LEX,9,1.288621187210083
981,15,4,LEX+,2,0.4585096836090088
982,15,4,LEX,19,0.9868459701538086
983,15,4,LEX+,4,0.4648125171661377
984,15,4,LEX,1,0.14326071739196777
985,15,4,LEX+,1,0.14829730987548828
986,15,4,LEX,1,0.2452704906463623
987,15,4,LEX+,1,0.1842942237854004
988,15,4,LEX,28,1.2403507232666016
989,15,4,LEX+,5,0.48338937759399414
990,15,4,LEX,1,0.06203627586364746
991,15,4,LEX+,1,0.05834388732910156
992,15,4,LEX,49,6.106210470199585
993,15,4,LEX+,5,1.4062657356262207
994,15,4,LEX,1,0.047544240951538086
995,15,4,LEX+,1,0.04943394660949707
996,15,4,LEX,1,0.12509727478027344
997,15,4,LEX+,1,0.12621831893920898
998,15,4,LEX,8,0.28286290168762207
999,15,4,LEX+,2,0.19064879417419434
1000,15,4,LEX,1,0.03702092170715332
1001,15,4,LEX+,1,0.04053544998168945
1002,15,4,LEX,1,0.30153393745422363
1003,15,4,LEX+,1,0.24391722679138184
1004,15,4,LEX,11,0.2533833980560303
1005,15,4,LEX+,3,0.10014986991882324
1006,15,4,LEX,26,1.4190247058868408
1007,15,4,LEX+,2,0.5782878398895264
1008,15,4,LEX,1,0.046578168869018555
1009,15,4,LEX+,1,0.05125308036804199
1010,15,4,LEX,9,5.9769110679626465
1011,15,4,LEX+,3,2.9382741451263428
1012,15,4,LEX,5,0.8419797420501709
1013,15,4,LEX+,1,0.4049663543701172
1014,15,4,LEX,1,0.5616936683654785
1015,15,4,LEX+,1,0.5731415748596191
1016,15,4,LEX,2,2.61930513381958
1017,15,4,LEX+,1,1.4429738521575928
1018,15,4,LEX,10,0.48587942123413086
1019,15,4,LEX+,3,0.3101789951324463
1020,15,4,LEX,8,1.6757214069366455
1021,15,4,LEX+,3,1.012282371520996
1022,15,4,LEX,6,0.884955883026123
1023,15,4,LEX+,1,0.37154054641723633
1024,15,4,LEX,16,0.5718419551849365
1025,15,4,LEX+,8,0.4474964141845703
1026,15,4,LEX,1,0.07921171188354492
1027,15,4,LEX+,1,0.07604050636291504
1028,15,4,LEX,18,0.8467960357666016
1029,15,4,LEX+,5,0.5087909698486328
1030,15,4,LEX,24,13.9426748752594
1031,15,4,LEX+,2,3.644301414489746
1032,15,4,LEX,1,0.05008530616760254
1033,15,4,LEX+,1,0.04839634895324707
1034,15,4,LEX,1,0.07783627510070801
1035,15,4,LEX+,1,0.07842516899108887
1036,15,4,LEX,10,0.862464427947998
1037,15,4,LEX+,1,0.373445987701416
1038,15,4,LEX,1,0.9529552459716797
1039,15,4,LEX+,1,0.515061616897583
1040,15,4,LEX,4,0.19892144203186035
1041,15,4,LEX+,3,0.16684746742248535
1042,15,4,LEX,24,0.768134355545044
1043,15,4,LEX+,3,0.27285027503967285
1044,15,4,LEX,1,0.05131888389587402
1045,15,4,LEX+,1,0.047516584396362305
1046,15,4,LEX,1,0.10797977447509766
1047,15,4,LEX+,1,0.10513877868652344
1048,15,4,LEX,1,0.049878597259521484
1049,15,4,LEX+,1,0.044873952865600586
1050,15,4,LEX,5,0.44384241104125977
1051,15,4,LEX+,3,0.342545747756958
1052,15,4,LEX,1,0.05125927925109863
1053,15,4,LEX+,1,0.045140981674194336
1054,15,4,LEX,14,1.2435967922210693
1055,15,4,LEX+,2,0.3486957550048828
1056,15,4,LEX,10,10.736087083816528
1057,15,4,LEX+,3,4.523064136505127
1058,15,4,LEX,1,0.5191636085510254
1059,15,4,LEX+,1,0.5167810916900635
1060,15,4,LEX,3,0.34000563621520996
1061,15,4,LEX+,3,0.23676252365112305
1062,15,4,LEX,1,0.1477036476135254
1063,15,4,LEX+,1,0.14447712898254395
1064,15,4,LEX,9,0.7983434200286865
1065,15,4,LEX+,3,0.3865621089935303
1066,15,4,LEX,4,6.113495349884033
1067,15,4,LEX+,1,2.793269157409668
1068,15,4,LEX,10,1.166018009185791
1069,15,4,LEX+,2,0.7820014953613281
1070,15,4,LEX,1,0.31400012969970703
1071,15,4,LEX+,1,0.309002161026001
1072,15,4,LEX,1,0.060925960540771484
1073,15,4,LEX+,1,0.055698394775390625
1074,15,4,LEX,1,0.16729235649108887
1075,15,4,LEX+,1,0.130418062210083
1076,15,4,LEX,1,0.06812357902526855
1077,15,4,LEX+,1,0.07140684127807617
1078,15,4,LEX,1,0.1776866912841797
1079,15,4,LEX+,1,0.1765272617340088
1080,15,4,LEX,25,3.4122657775878906
1081,15,4,LEX+,2,1.1774682998657227
1082,15,4,LEX,1,0.04404854774475098
1083,15,4,LEX+,1,0.040721893310546875
1084,15,4,LEX,1,0.052377939224243164
1085,15,4,LEX+,1,0.04555678367614746
1086,15,4,LEX,2,0.13834285736083984
1087,15,4,LEX+,1,0.1308729648590088
1088,15,4,LEX,16,1.4435486793518066
1089,15,4,LEX+,2,0.5435514450073242
1090,15,4,LEX,4,12.753542423248291
1091,15,4,LEX+,2,10.220820665359497
1092,15,4,LEX,1,0.05176973342895508
1093,15,4,LEX+,1,0.04843640327453613
1094,15,4,LEX,1,0.057312965393066406
1095,15,4,LEX+,1,0.05906486511230469
1096,15,4,LEX,8,0.30303525924682617
1097,15,4,LEX+,2,0.15240168571472168
1098,15,4,LEX,1,0.11517572402954102
1099,15,4,LEX+,1,0.11742544174194336
1100,15,4,LEX,1,0.04880380630493164
1101,15,4,LEX+,1,0.04815864562988281
1102,15,4,LEX,1,0.10340595245361328
1103,15,4,LEX+,1,0.09783625602722168
1104,15,4,LEX,49,3.226308584213257
1105,15,4,LEX+,5,0.844372034072876
1106,15,4,LEX,1,0.04704689979553223
1107,15,4,LEX+,1,0.04872274398803711
1108,15,4,LEX,11,0.9492819309234619
1109,15,4,LEX+,1,0.2479085922241211
1110,15,4,LEX,10,0.810312032699585
1111,15,4,LEX+,2,0.3456847667694092
1112,15,4,LEX,1,0.06780743598937988
1113,15,4,LEX+,1,0.06997466087341309
1114,15,4,LEX,8,0.6367862224578857
1115,15,4,LEX+,1,0.38079285621643066
1116,15,4,LEX,1,0.050128936767578125
1117,15,4,LEX+,1,0.05267977714538574
1118,15,4,LEX,4,0.3155848979949951
1119,15,4,LEX+,2,0.2955026626586914
1120,21,4,LEX,10,21.81597065925598
1121,21,4,LEX+,2,4.588634014129639
1122,21,4,LEX,8,1.1476085186004639
1123,21,4,LEX+,1,0.6438076496124268
1124,21,4,LEX,1,0.056928396224975586
1125,21,4,LEX+,1,0.05397224426269531
1126,21,4,LEX,4,0.40875959396362305
1127,21,4,LEX+,1,0.30176520347595215
1128,21,4,LEX,10,0.5239706039428711
1129,21,4,LEX+,3,0.26224493980407715
1130,21,4,LEX,2,1.0626747608184814
1131,21,4,LEX+,1,0.7175154685974121
1132,21,4,LEX,3,0.6567995548248291
1133,21,4,LEX+,1,0.22090911865234375
1134,21,4,LEX,1,0.05219554901123047
1135,21,4,LEX+,1,0.046379804611206055
1136,21,4,LEX,4,6.848350763320923
1137,21,4,LEX+,1,3.350856304168701
1138,21,4,LEX,2,0.15122437477111816
1139,21,4,LEX+,1,0.12427473068237305
1140,21,4,LEX,15,5.4361350536346436
1141,21,4,LEX+,1,1.6180906295776367
1142,21,4,LEX,8,0.5840768814086914
1143,21,4,LEX+,2,0.3152031898498535
1144,21,4,LEX,8,0.9430344104766846
1145,21,4,LEX+,3,0.6381762027740479
1146,21,4,LEX,9,0.7973463535308838
1147,21,4,LEX+,2,0.23996758460998535
1148,21,4,LEX,8,2.3551137447357178
1149,21,4,LEX+,1,0.9582803249359131
1150,21,4,LEX,16,8.125664710998535
1151,21,4,LEX+,2,3.759897470474243
1152,21,4,LEX,1,0.04730558395385742
1153,21,4,LEX+,1,0.052600860595703125
1154,21,4,LEX,1,0.330625057220459
1155,21,4,LEX+,1,0.3149266242980957
1156,21,4,LEX,3,0.162703275680542
1157,21,4,LEX+,1,0.07087016105651855
1158,21,4,LEX,10,1.1532618999481201
1159,21,4,LEX+,2,0.6319048404693604
1160,21,4,LEX,2,0.21514463424682617
1161,21,4,LEX+,1,0.22467994689941406
1162,21,4,LEX,3,0.478527307510376
1163,21,4,LEX+,2,0.35257625579833984
1164,21,4,LEX,26,4.905656337738037
1165,21,4,LEX+,2,1.5236504077911377
1166,21,4,LEX,2,0.38519763946533203
1167,21,4,LEX+,1,0.21214771270751953
1168,21,4,LEX,7,2.0224499702453613
1169,21,4,LEX+,2,0.9054586887359619
1170,21,4,LEX,10,3.4808709621429443
1171,21,4,LEX+,2,1.7250597476959229
1172,21,4,LEX,8,0.6892492771148682
1173,21,4,LEX+,1,0.29253053665161133
1174,21,4,LEX,1,0.19956350326538086
1175,21,4,LEX+,1,0.20562458038330078
1176,21,4,LEX,7,1.6491928100585938
1177,21,4,LEX+,2,0.917205810546875
1178,21,4,LEX,19,0.7299964427947998
1179,21,4,LEX+,4,0.3222622871398926
1180,21,4,LEX,5,0.8048789501190186
1181,21,4,LEX+,3,0.3581657409667969
1182,21,4,LEX,12,0.5548310279846191
1183,21,4,LEX+,4,0.3783724308013916
1184,21,4,LEX,32,6.436686277389526
1185,21,4,LEX+,3,1.9294819831848145
1186,21,4,LEX,4,6.969696521759033
1187,21,4,LEX+,1,5.1631996631622314
1188,21,4,LEX,9,0.22294187545776367
1189,21,4,LEX+,6,0.18909859657287598
1190,21,4,LEX,24,8.111108779907227
1191,21,4,LEX+,2,2.781648635864258
1192,21,4,LEX,1,0.21259784698486328
1193,21,4,LEX+,1,0.21011734008789062
1194,21,4,LEX,6,2.845095157623291
1195,21,4,LEX+,1,1.0627117156982422
1196,21,4,LEX,6,1.5333824157714844
1197,21,4,LEX+,2,0.9095292091369629
1198,21,4,LEX,10,0.7889108657836914
1199,21,4,LEX+,3,0.30693626403808594
1200,21,4,LEX,2,0.2040238380432129
1201,21,4,LEX+,2,0.2543625831604004
1202,21,4,LEX,1,0.6804041862487793
1203,21,4,LEX+,1,0.6933293342590332
1204,21,4,LEX,9,0.25168871879577637
1205,21,4,LEX+,2,0.11950325965881348
1206,21,4,LEX,6,0.27260661125183105
1207,21,4,LEX+,2,0.14172720909118652
1208,21,4,LEX,4,0.26680636405944824
1209,21,4,LEX+,2,0.18539881706237793
1210,21,4,LEX,12,1.7345635890960693
1211,21,4,LEX+,3,0.8990788459777832
1212,21,4,LEX,8,0.34207820892333984
1213,21,4,LEX+,2,0.15002679824829102
1214,21,4,LEX,2,1.1644327640533447
1215,21,4,LEX+,1,0.8342769145965576
1216,21,4,LEX,4,1.551232099533081
1217,21,4,LEX+,1,0.5184273719787598
1218,21,4,LEX,2,0.2597463130950928
1219,21,4,LEX+,1,0.14253759384155273
1220,21,4,LEX,15,0.6246185302734375
1221,21,4,LEX+,6,0.4409162998199463
1222,21,4,LEX,1,0.05433082580566406
1223,21,4,LEX+,1,0.04712271690368652
1224,21,4,LEX,26,9.012522220611572
1225,21,4,LEX+,4,3.7043886184692383
1226,21,4,LEX,5,3.371675968170166
1227,21,4,LEX+,3,3.020529270172119
1228,21,4,LEX,2,3.7615039348602295
1229,21,4,LEX+,1,1.551626205444336
1230,21,4,LEX,20,70.54390907287598
1231,21,4,LEX+,3,28.923083305358887
1232,21,4,LEX,12,1.263556957244873
1233,21,4,LEX+,2,0.4494631290435791
1234,21,4,LEX,10,1.823521614074707
1235,21,4,LEX+,2,0.9162182807922363
1236,21,4,LEX,10,0.8027980327606201
1237,21,4,LEX+,3,0.3606586456298828
1238,21,4,LEX,15,1.3079140186309814
1239,21,4,LEX+,4,0.7147440910339355
1240,21,4,LEX,6,0.69081711769104
1241,21,4,LEX+,1,0.30847692489624023
1242,21,4,LEX,11,0.6999239921569824
1243,21,4,LEX+,5,0.4779806137084961
1244,21,4,LEX,19,2.7187814712524414
1245,21,4,LEX+,4,1.2688074111938477
1246,21,4,LEX,2,0.29073238372802734
1247,21,4,LEX+,1,0.21512722969055176
1248,21,4,LEX,13,0.47580432891845703
1249,21,4,LEX+,4,0.2638866901397705
1250,21,4,LEX,8,12.71253514289856
1251,21,4,LEX+,3,9.236861944198608
1252,21,4,LEX,5,14.012622594833374
1253,21,4,LEX+,2,9.300737380981445
1254,21,4,LEX,9,0.25186944007873535
1255,21,4,LEX+,2,0.12356162071228027
1256,21,4,LEX,1,0.048952341079711914
1257,21,4,LEX+,1,0.05132555961608887
1258,21,4,LEX,4,0.34624528884887695
1259,21,4,LEX+,2,0.2704336643218994
1260,21,4,LEX,8,3.2707693576812744
1261,21,4,LEX+,2,2.051156520843506
1262,21,4,LEX,1,0.0826718807220459
1263,21,4,LEX+,1,0.06623029708862305
1264,21,4,LEX,10,0.3643937110900879
1265,21,4,LEX+,4,0.17738819122314453
1266,21,4,LEX,1,0.05268239974975586
1267,21,4,LEX+,1,0.05210137367248535
1268,21,4,LEX,7,2.2757997512817383
1269,21,4,LEX+,1,1.0642285346984863
1270,21,4,LEX,2,0.17485260963439941
1271,21,4,LEX+,1,0.1725914478302002
1272,21,4,LEX,2,0.7281177043914795
1273,21,4,LEX+,1,0.35808300971984863
1274,21,4,LEX,3,1.8613734245300293
1275,21,4,LEX+,1,0.9857306480407715
1276,21,4,LEX,9,3.9195141792297363
1277,21,4,LEX+,2,1.560610294342041
1278,21,4,LEX,7,0.36784863471984863
1279,21,4,LEX+,4,0.28592348098754883
1280,21,4,LEX,4,0.29885363578796387
1281,21,4,LEX+,1,0.19136476516723633
1282,21,4,LEX,2,0.5479803085327148
1283,21,4,LEX+,1,0.41687726974487305
1284,21,4,LEX,1,0.31554508209228516
1285,21,4,LEX+,1,0.40146589279174805
1286,21,4,LEX,40,33.34031581878662
1287,21,4,LEX+,2,10.398300170898438
1288,21,4,LEX,21,1.8346705436706543
1289,21,4,LEX+,3,0.8554468154907227
1290,21,4,LEX,13,9.087213516235352
1291,21,4,LEX+,2,5.750541687011719
1292,21,4,LEX,3,0.35302042961120605
1293,21,4,LEX+,1,0.16557717323303223
1294,21,4,LEX,3,0.6201870441436768
1295,21,4,LEX+,1,0.2279958724975586
1296,21,4,LEX,1,0.08864951133728027
1297,21,4,LEX+,1,0.08507800102233887
1298,21,4,LEX,1,0.057272911071777344
1299,21,4,LEX+,1,0.05496382713317871
1300,21,4,LEX,9,63.011149406433105
1301,21,4,LEX+,4,39.024935722351074
1302,21,4,LEX,7,0.8962695598602295
1303,21,4,LEX+,1,0.32379698753356934
1304,21,4,LEX,5,0.5717861652374268
1305,21,4,LEX+,3,0.37138819694519043
1306,21,4,LEX,11,0.6779062747955322
1307,21,4,LEX+,3,0.381274938583374
1308,21,4,LEX,47,46.110212087631226
1309,21,4,LEX+,6,18.6071355342865
1310,21,4,LEX,10,4.852571964263916
1311,21,4,LEX+,1,1.2629330158233643
1312,21,4,LEX,5,34.346696615219116
1313,21,4,LEX+,2,18.32180690765381
1314,21,4,LEX,10,8.197568893432617
1315,21,4,LEX+,2,2.5032498836517334
1316,21,4,LEX,5,0.646165132522583
1317,21,4,LEX+,2,0.41500306129455566
1318,21,4,LEX,3,5.743371486663818
1319,21,4,LEX+,2,2.5940563678741455
1320,21,4,LEX,1,0.06923484802246094
1321,21,4,LEX+,1,0.07036447525024414
1322,21,4,LEX,2,0.3071882724761963
1323,21,4,LEX+,1,0.09744644165039062
1324,21,4,LEX,12,0.7903709411621094
1325,21,4,LEX+,4,0.5433206558227539
1326,21,4,LEX,6,0.8964700698852539
1327,21,4,LEX+,2,0.48575544357299805
1328,21,4,LEX,6,0.24603033065795898
1329,21,4,LEX+,2,0.1798408031463623
1330,21,4,LEX,10,0.987318754196167
1331,21,4,LEX+,2,0.45174527168273926
1332,21,4,LEX,10,1.085240125656128
1333,21,4,LEX+,3,0.44001245498657227
1334,21,4,LEX,1,0.07442688941955566
1335,21,4,LEX+,1,0.07899785041809082
1336,21,4,LEX,1,0.06548357009887695
1337,21,4,LEX+,1,0.06433629989624023
1338,21,4,LEX,3,0.35152482986450195
1339,21,4,LEX+,1,0.2297043800354004
1340,21,4,LEX,36,17.332310438156128
1341,21,4,LEX+,5,7.508885622024536
1342,21,4,LEX,1,0.24120378494262695
1343,21,4,LEX+,1,0.19458222389221191
1344,21,4,LEX,7,1.3063933849334717
1345,21,4,LEX+,4,0.7380595207214355
1346,21,4,LEX,1,0.07220792770385742
1347,21,4,LEX+,1,0.07360553741455078
1348,21,4,LEX,25,27.497692823410034
1349,21,4,LEX+,1,10.12844443321228
1350,21,4,LEX,25,91.63931512832642
1351,21,4,LEX+,4,37.52977895736694
1352,21,4,LEX,3,6.726764440536499
1353,21,4,LEX+,1,5.067291259765625
1354,21,4,LEX,27,10.640427350997925
1355,21,4,LEX+,1,2.2880733013153076
1356,21,4,LEX,2,3.9762134552001953
1357,21,4,LEX+,1,2.1971840858459473
1358,21,4,LEX,6,0.5060405731201172
1359,21,4,LEX+,1,0.28531408309936523
1360,21,4,LEX,14,0.5147063732147217
1361,21,4,LEX+,4,0.28870368003845215
1362,21,4,LEX,9,0.6656036376953125
1363,21,4,LEX+,6,0.5885121822357178
1364,21,4,LEX,2,5.719675540924072
1365,21,4,LEX+,1,2.7450976371765137
1366,21,4,LEX,6,0.8010678291320801
1367,21,4,LEX+,2,0.775618314743042
1368,21,4,LEX,6,0.4706082344055176
1369,21,4,LEX+,2,0.30094313621520996
1370,21,4,LEX,7,0.6593031883239746
1371,21,4,LEX+,1,0.2855401039123535
1372,21,4,LEX,19,1.5897867679595947
1373,21,4,LEX+,4,0.60799241065979
1374,21,4,LEX,3,0.30403852462768555
1375,21,4,LEX+,1,0.17299294471740723
1376,21,4,LEX,1,0.2600843906402588
1377,21,4,LEX+,1,0.2806243896484375
1378,21,4,LEX,2,1.3751697540283203
1379,21,4,LEX+,1,1.455509901046753
1380,21,4,LEX,7,0.2830846309661865
1381,21,4,LEX+,4,0.24136090278625488
1382,21,4,LEX,2,0.6774942874908447
1383,21,4,LEX+,1,0.615391731262207
1384,21,4,LEX,2,0.10102987289428711
1385,21,4,LEX+,1,0.08814430236816406
1386,21,4,LEX,3,0.3471336364746094
1387,21,4,LEX+,2,0.30259203910827637
1388,21,4,LEX,15,5.0089733600616455
1389,21,4,LEX+,2,1.282768964767456
1390,21,4,LEX,1,1.8352391719818115
1391,21,4,LEX+,1,0.9216482639312744
1392,21,4,LEX,17,18.823065280914307
1393,21,4,LEX+,2,4.226460933685303
1394,21,4,LEX,4,1.0773265361785889
1395,21,4,LEX+,2,0.6164755821228027
1396,21,4,LEX,3,0.5193369388580322
1397,21,4,LEX+,1,0.3410656452178955
1398,21,4,LEX,2,20.121356964111328
1399,21,4,LEX+,2,16.29625105857849
1400,21,4,LEX,1,0.06900763511657715
1401,21,4,LEX+,1,0.07501530647277832
1402,21,4,LEX,4,0.25002479553222656
1403,21,4,LEX+,2,0.18795323371887207
1404,21,4,LEX,3,0.4636526107788086
1405,21,4,LEX+,1,0.2418828010559082
1406,21,4,LEX,2,2.186256170272827
1407,21,4,LEX+,1,1.0827760696411133
1408,21,4,LEX,1,0.20207858085632324
1409,21,4,LEX+,1,0.19679546356201172
1410,21,4,LEX,2,0.1575009822845459
1411,21,4,LEX+,1,0.10419535636901855
1412,21,4,LEX,7,1.3270833492279053
1413,21,4,LEX+,2,0.5393197536468506
1414,21,4,LEX,1,0.07086467742919922
1415,21,4,LEX+,1,0.07276701927185059
1416,21,4,LEX,2,0.98075270652771
1417,21,4,LEX+,1,0.7015869617462158
1418,21,4,LEX,10,1.3486871719360352
1419,21,4,LEX+,2,0.5600337982177734
1420,21,4,LEX,6,0.2421257495880127
1421,21,4,LEX+,2,0.17397475242614746
1422,21,4,LEX,4,0.23751115798950195
1423,21,4,LEX+,2,0.21071720123291016
1424,21,4,LEX,4,0.7364921569824219
1425,21,4,LEX+,1,0.40088343620300293
1426,21,4,LEX,54,98.1279022693634
1427,21,4,LEX+,4,21.21351981163025
1428,21,4,LEX,3,0.5484611988067627
1429,21,4,LEX+,1,0.47954869270324707
1430,21,4,LEX,2,0.6405258178710938
1431,21,4,LEX+,1,0.5726962089538574
1432,21,4,LEX,2,0.391890287399292
1433,21,4,LEX+,1,0.28589344024658203
1434,21,4,LEX,14,2.949723958969116
1435,21,4,LEX+,2,0.8723359107971191
1436,21,4,LEX,4,0.5166254043579102
1437,21,4,LEX+,1,0.34406089782714844
1438,21,4,LEX,12,3.45841121673584
1439,21,4,LEX+,2,1.368802547454834
1440,21,4,LEX,3,0.33199143409729004
1441,21,4,LEX+,1,0.21144676208496094
1442,21,4,LEX,3,0.26331281661987305
1443,21,4,LEX+,1,0.18185734748840332
1444,21,4,LEX,1,0.06815719604492188
1445,21,4,LEX+,1,0.07817554473876953
1446,21,4,LEX,3,10.244150161743164
1447,21,4,LEX+,2,8.50501537322998
1448,21,4,LEX,1,0.07177281379699707
1449,21,4,LEX+,1,0.06517505645751953
1450,21,4,LEX,3,78.15540289878845
1451,21,4,LEX+,1,26.22818613052368
1452,21,4,LEX,2,0.4175088405609131
1453,21,4,LEX+,1,0.28752660751342773
1454,21,4,LEX,1,10.927100419998169
1455,21,4,LEX+,1,4.050650358200073
1456,21,4,LEX,32,12.96864628791809
1457,21,4,LEX+,7,5.871347188949585
1458,21,4,LEX,3,1.146090030670166
1459,21,4,LEX+,1,0.7114553451538086
1460,21,4,LEX,4,2.437018394470215
1461,21,4,LEX+,1,1.416961431503296
1462,21,4,LEX,7,1.635807752609253
1463,21,4,LEX+,1,1.0006177425384521
1464,21,4,LEX,1,0.1701505184173584
1465,21,4,LEX+,1,0.1804816722869873
1466,21,4,LEX,12,3.4625697135925293
1467,21,4,LEX+,4,2.7693095207214355
1468,21,4,LEX,3,0.11545634269714355
1469,21,4,LEX+,1,0.08579659461975098
1470,21,4,LEX,4,0.24934625625610352
1471,21,4,LEX+,2,0.21815705299377441
1472,21,4,LEX,12,1.9683666229248047
1473,21,4,LEX+,3,0.8553316593170166
1474,21,4,LEX,8,1.5485801696777344
1475,21,4,LEX+,2,1.2895176410675049
1476,21,4,LEX,7,3.188471555709839
1477,21,4,LEX+,2,1.7852509021759033
1478,21,4,LEX,6,6.022513389587402
1479,21,4,LEX+,1,3.847579002380371
1480,21,4,LEX,3,0.819843053817749
1481,21,4,LEX+,2,0.3654956817626953
1482,21,4,LEX,10,4.684174060821533
1483,21,4,LEX+,2,1.373213768005371
1484,21,4,LEX,10,0.8578004837036133
1485,21,4,LEX+,3,0.48726487159729004
1486,21,4,LEX,7,1.5447392463684082
1487,21,4,LEX+,2,1.004751205444336
1488,21,4,LEX,6,1.7254977226257324
1489,21,4,LEX+,1,0.5650122165679932
1490,21,4,LEX,4,42.996633529663086
1491,21,4,LEX+,2,22.574706077575684
1492,21,4,LEX,5,1.231321096420288
1493,21,4,LEX+,1,0.4490928649902344
1494,21,4,LEX,21,32.8938353061676
1495,21,4,LEX+,5,20.402060985565186
1496,21,4,LEX,3,0.21364283561706543
1497,21,4,LEX+,1,0.09644722938537598
1498,21,4,LEX,4,1.175257921218872
1499,21,4,LEX+,2,0.5910031795501709
1500,21,4,LEX,21,1.9796228408813477
1501,21,4,LEX+,3,1.0090150833129883
1502,21,4,LEX,7,0.5611884593963623
1503,21,4,LEX+,4,0.2886042594909668
1504,21,4,LEX,2,0.31737780570983887
1505,21,4,LEX+,2,0.43552494049072266
1506,21,4,LEX,4,0.566652774810791
1507,21,4,LEX+,2,0.28400421142578125
1508,21,4,LEX,1,2.076190710067749
1509,21,4,LEX+,1,1.6163604259490967
1510,21,4,LEX,6,2.8049423694610596
1511,21,4,LEX+,1,1.1221625804901123
1512,21,4,LEX,12,3.814903497695923
1513,21,4,LEX+,2,1.46937894821167
1514,21,4,LEX,4,0.2561924457550049
1515,21,4,LEX+,2,0.13443326950073242
1516,21,4,LEX,7,0.8903985023498535
1517,21,4,LEX+,1,0.40116095542907715
1518,21,4,LEX,1,0.07596683502197266
1519,21,4,LEX+,1,0.06236004829406738
1520,21,4,LEX,1,0.07906651496887207
1521,21,4,LEX+,1,0.06867694854736328
1522,21,4,LEX,5,0.7059481143951416
1523,21,4,LEX+,1,0.3030886650085449
1524,21,4,LEX,4,0.35968470573425293
1525,21,4,LEX+,1,0.248443603515625
1526,21,4,LEX,6,0.7657580375671387
1527,21,4,LEX+,4,0.695159912109375
1528,21,4,LEX,6,0.3629477024078369
1529,21,4,LEX+,1,0.10056161880493164
1530,21,4,LEX,6,0.33656740188598633
1531,21,4,LEX+,2,0.16114115715026855
1532,21,4,LEX,9,0.7639360427856445
1533,21,4,LEX+,2,0.2650635242462158
1534,21,4,LEX,26,3.9508893489837646
1535,21,4,LEX+,4,1.3048996925354004
1536,21,4,LEX,3,0.6234807968139648
1537,21,4,LEX+,1,0.25921106338500977
1538,21,4,LEX,1,0.4593081474304199
1539,21,4,LEX+,1,0.3407900333404541
1540,21,4,LEX,15,2.102670192718506
1541,21,4,LEX+,2,0.7339880466461182
1542,21,4,LEX,60,254.14343094825745
1543,21,4,LEX+,6,100.81395053863525
1544,21,4,LEX,2,1.1099741458892822
1545,21,4,LEX+,1,0.29952383041381836
1546,21,4,LEX,19,6.5855796337127686
1547,21,4,LEX+,4,4.549932479858398
1548,21,4,LEX,1,5.211942195892334
1549,21,4,LEX+,1,2.974937677383423
1550,21,4,LEX,21,9.165713548660278
1551,21,4,LEX+,3,3.1974430084228516
1552,21,4,LEX,9,0.5011582374572754
1553,21,4,LEX+,2,0.20093464851379395
1554,21,4,LEX,10,0.9457364082336426
1555,21,4,LEX+,3,0.5453512668609619
1556,21,4,LEX,3,24.09142303466797
1557,21,4,LEX+,2,15.525781393051147
1558,21,4,LEX,10,0.5619361400604248
1559,21,4,LEX+,3,0.2781379222869873
1560,21,4,LEX,6,2.1929452419281006
1561,21,4,LEX+,1,0.5489625930786133
1562,21,4,LEX,24,4.475847244262695
1563,21,4,LEX+,6,2.3502776622772217
1564,21,4,LEX,2,0.5086491107940674
1565,21,4,LEX+,1,0.3055992126464844
1566,21,4,LEX,21,1.3903441429138184
1567,21,4,LEX+,3,0.6630969047546387
1568,21,4,LEX,1,0.07227182388305664
1569,21,4,LEX+,1,0.07444620132446289
1570,21,4,LEX,1,0.06953215599060059
1571,21,4,LEX+,1,0.0710287094116211
1572,21,4,LEX,1,4.397656679153442
1573,21,4,LEX+,1,2.6974923610687256
1574,21,4,LEX,3,0.254213809967041
1575,21,4,LEX+,2,0.23948407173156738
1576,21,4,LEX,1,0.4272618293762207
1577,21,4,LEX+,1,0.34470200538635254
1578,21,4,LEX,47,20.250902891159058
1579,21,4,LEX+,9,10.738412618637085
1580,21,4,LEX,2,0.09965014457702637
1581,21,4,LEX+,1,0.08659219741821289
1582,21,4,LEX,1,0.06852459907531738
1583,21,4,LEX+,1,0.07320284843444824
1584,21,4,LEX,1,0.07389998435974121
1585,21,4,LEX+,1,0.07394099235534668
1586,21,4,LEX,5,0.38599610328674316
1587,21,4,LEX+,2,0.23532676696777344
1588,21,4,LEX,16,5.374884366989136
1589,21,4,LEX+,3,2.9443576335906982
1590,21,4,LEX,1,0.9631133079528809
1591,21,4,LEX+,1,0.6174867153167725
1592,21,4,LEX,4,4.870424747467041
1593,21,4,LEX+,1,2.6548562049865723
1594,21,4,LEX,13,10.252599716186523
1595,21,4,LEX+,1,3.376502275466919
1596,21,4,LEX,1,0.6906571388244629
1597,21,4,LEX+,1,0.5251803398132324
1598,21,4,LEX,13,5.495514392852783
1599,21,4,LEX+,1,2.242445945739746
1600,28,4,LEX,8,2.009873628616333
1601,28,4,LEX+,5,1.7748346328735352
1602,28,4,LEX,5,0.3181142807006836
1603,28,4,LEX+,3,0.2659945487976074
1604,28,4,LEX,6,0.3208286762237549
1605,28,4,LEX+,2,0.18918848037719727
1606,28,4,LEX,1,1.7561168670654297
1607,28,4,LEX+,1,1.291682243347168
1608,28,4,LEX,2,7.477184534072876
1609,28,4,LEX+,2,5.0376927852630615
1610,28,4,LEX,8,53.48593258857727
1611,28,4,LEX+,2,24.324285745620728
1612,28,4,LEX,5,5.1591925621032715
1613,28,4,LEX+,1,3.4782891273498535
1614,28,4,LEX,2,3.0957205295562744
1615,28,4,LEX+,1,2.4767768383026123
1616,28,4,LEX,28,52.34672951698303
1617,28,4,LEX+,4,25.755671977996826
1618,28,4,LEX,16,1.0476069450378418
1619,28,4,LEX+,6,0.6900749206542969
1620,28,4,LEX,2,237.60562467575073
1621,28,4,LEX+,1,188.58910512924194
1622,28,4,LEX,15,38.43010377883911
1623,28,4,LEX+,1,22.272765159606934
1624,28,4,LEX,10,0.959479570388794
1625,28,4,LEX+,6,0.8149216175079346
1626,28,4,LEX,2,1.4881336688995361
1627,28,4,LEX+,1,1.3293309211730957
1628,28,4,LEX,3,1.466799020767212
1629,28,4,LEX+,2,0.9253697395324707
1630,28,4,LEX,2,4.124330997467041
1631,28,4,LEX+,1,3.250389575958252
1632,28,4,LEX,21,32.59031867980957
1633,28,4,LEX+,5,18.709609746932983
1634,28,4,LEX,6,0.41560888290405273
1635,28,4,LEX+,4,0.3356757164001465
1636,28,4,LEX,7,2.9371743202209473
1637,28,4,LEX+,2,1.320472002029419
1638,28,4,LEX,1,0.233842134475708
1639,28,4,LEX+,1,0.2333221435546875
1640,28,4,LEX,2,0.4210934638977051
1641,28,4,LEX+,2,0.41092777252197266
1642,28,4,LEX,1,4.78882098197937
1643,28,4,LEX+,1,3.7820348739624023
1644,28,4,LEX,8,4.43065619468689
1645,28,4,LEX+,6,4.254874229431152
1646,28,4,LEX,11,23.451959133148193
1647,28,4,LEX+,5,22.859631061553955
1648,28,4,LEX,1,0.5301268100738525
1649,28,4,LEX+,1,0.3634493350982666
1650,28,4,LEX,1,0.45769691467285156
1651,28,4,LEX+,1,0.4547569751739502
1652,28,4,LEX,1,8.355706214904785
1653,28,4,LEX+,1,5.791903972625732
1654,28,4,LEX,11,15.026000022888184
1655,28,4,LEX+,4,10.846318483352661
1656,28,4,LEX,8,6.404358625411987
1657,28,4,LEX+,2,4.412976980209351
1658,28,4,LEX,4,3.6503496170043945
1659,28,4,LEX+,1,2.13940167427063
1660,28,4,LEX,4,2.0469307899475098
1661,28,4,LEX+,1,1.057643175125122
1662,28,4,LEX,3,3.2903177738189697
1663,28,4,LEX+,1,2.2499308586120605
1664,28,4,LEX,2,1.2922403812408447
1665,28,4,LEX+,1,0.8951611518859863
1666,28,4,LEX,3,1.170222520828247
1667,28,4,LEX+,1,0.8337602615356445
1668,28,4,LEX,5,39.676973819732666
1669,28,4,LEX+,3,16.98959493637085
1670,28,4,LEX,3,0.7562568187713623
1671,28,4,LEX+,2,0.37389349937438965
1672,28,4,LEX,1,0.18256878852844238
1673,28,4,LEX+,1,0.10567736625671387
1674,28,4,LEX,4,0.32012104988098145
1675,28,4,LEX+,4,0.24599814414978027
1676,28,4,LEX,2,0.4467813968658447
1677,28,4,LEX+,2,0.4297187328338623
1678,28,4,LEX,1,0.5703220367431641
1679,28,4,LEX+,1,0.5704388618469238
1680,28,4,LEX,3,1.2679615020751953
1681,28,4,LEX+,2,1.2091572284698486
1682,28,4,LEX,2,0.7175321578979492
1683,28,4,LEX+,1,0.5631964206695557
1684,28,4,LEX,1,0.16498279571533203
1685,28,4,LEX+,1,0.16478252410888672
1686,28,4,LEX,2,2.555206298828125
1687,28,4,LEX+,1,1.6166777610778809
1688,28,4,LEX,1,0.11652088165283203
1689,28,4,LEX+,1,0.11564493179321289
1690,28,4,LEX,8,1.5321016311645508
1691,28,4,LEX+,6,1.429326057434082
1692,28,4,LEX,6,0.39197635650634766
1693,28,4,LEX+,2,0.171769380569458
1694,28,4,LEX,2,0.6602072715759277
1695,28,4,LEX+,1,0.5623147487640381
1696,28,4,LEX,1,3.1403164863586426
1697,28,4,LEX+,1,2.591522455215454
1698,28,4,LEX,8,1.7723634243011475
1699,28,4,LEX+,3,0.9860572814941406
1700,28,4,LEX,2,0.11417675018310547
1701,28,4,LEX+,2,0.11614584922790527
1702,28,4,LEX,1,0.30045127868652344
1703,28,4,LEX+,1,0.24407052993774414
1704,28,4,LEX,11,49.47908353805542
1705,28,4,LEX+,3,20.210193634033203
1706,28,4,LEX,6,0.4692111015319824
1707,28,4,LEX+,4,0.3790121078491211
1708,28,4,LEX,16,8.764354705810547
1709,28,4,LEX+,3,5.299952507019043
1710,28,4,LEX,3,41.12743663787842
1711,28,4,LEX+,2,31.439286947250366
1712,28,4,LEX,11,7.90774393081665
1713,28,4,LEX+,4,5.6542274951934814
1714,28,4,LEX,1,1.5961778163909912
1715,28,4,LEX+,1,1.1917097568511963
1716,28,4,LEX,4,27.334266424179077
1717,28,4,LEX+,1,16.974494457244873
1718,28,4,LEX,10,22.231850147247314
1719,28,4,LEX+,2,13.950846195220947
1720,28,4,LEX,4,0.399735689163208
1721,28,4,LEX+,2,0.3129692077636719
1722,28,4,LEX,1,26.259098052978516
1723,28,4,LEX+,1,17.3542959690094
1724,28,4,LEX,1,0.13260912895202637
1725,28,4,LEX+,1,0.12187862396240234
1726,28,4,LEX,8,3.394401788711548
1727,28,4,LEX+,5,2.87461256980896
1728,28,4,LEX,4,0.628380537033081
1729,28,4,LEX+,2,0.5048112869262695
1730,28,4,LEX,4,1.9737038612365723
1731,28,4,LEX+,2,1.7308790683746338
1732,28,4,LEX,2,0.11251354217529297
1733,28,4,LEX+,1,0.10499930381774902
1734,28,4,LEX,3,0.8784537315368652
1735,28,4,LEX+,2,0.6523358821868896
1736,28,4,LEX,1,1.372751235961914
1737,28,4,LEX+,1,0.8847081661224365
1738,28,4,LEX,11,1.1850223541259766
1739,28,4,LEX+,3,0.6142463684082031
1740,28,4,LEX,5,25.766266107559204
1741,28,4,LEX+,1,10.667893648147583
1742,28,4,LEX,8,0.8338968753814697
1743,28,4,LEX+,2,0.5036880970001221
1744,28,4,LEX,5,1.3030221462249756
1745,28,4,LEX+,2,0.931952953338623
1746,28,4,LEX,2,2.540661334991455
1747,28,4,LEX+,2,1.6170787811279297
1748,28,4,LEX,4,22.493019104003906
1749,28,4,LEX+,2,15.096983909606934
1750,28,4,LEX,2,1.7127482891082764
1751,28,4,LEX+,2,1.514183759689331
1752,28,4,LEX,5,1.9373610019683838
1753,28,4,LEX+,1,1.0718269348144531
1754,28,4,LEX,3,6.778704404830933
1755,28,4,LEX+,2,3.299177408218384
1756,28,4,LEX,2,0.3045039176940918
1757,28,4,LEX+,2,0.22233986854553223
1758,28,4,LEX,2,0.2237236499786377
1759,28,4,LEX+,1,0.19942164421081543
1760,28,4,LEX,1,2.6479787826538086
1761,28,4,LEX+,1,2.1232333183288574
1762,28,4,LEX,5,0.767587423324585
1763,28,4,LEX+,1,0.5898973941802979
1764,28,4,LEX,15,1.8430495262145996
1765,28,4,LEX+,4,0.9296154975891113
1766,28,4,LEX,1,0.7731726169586182
1767,28,4,LEX+,1,0.5772943496704102
1768,28,4,LEX,4,0.14326238632202148
1769,28,4,LEX+,4,0.14523625373840332
1770,28,4,LEX,6,2.522925853729248
1771,28,4,LEX+,3,2.0643646717071533
1772,28,4,LEX,8,3.0717177391052246
1773,28,4,LEX+,3,1.9627962112426758
1774,28,4,LEX,6,4.793355941772461
1775,28,4,LEX+,2,3.1140387058258057
1776,28,4,LEX,4,0.5976777076721191
1777,28,4,LEX+,1,0.2809016704559326
1778,28,4,LEX,4,4.3969573974609375
1779,28,4,LEX+,2,3.79103422164917
1780,28,4,LEX,2,21.44163966178894
1781,28,4,LEX+,1,12.705488920211792
1782,28,4,LEX,1,1.4233007431030273
1783,28,4,LEX+,1,1.5173113346099854
1784,28,4,LEX,13,24.46408200263977
1785,28,4,LEX+,3,12.639488220214844
1786,28,4,LEX,5,1.6453990936279297
1787,28,4,LEX+,3,1.4028401374816895
1788,28,4,LEX,2,0.11765527725219727
1789,28,4,LEX+,2,0.11309099197387695
1790,28,4,LEX,2,0.6041674613952637
1791,28,4,LEX+,1,0.41721606254577637
1792,28,4,LEX,3,0.9447832107543945
1793,28,4,LEX+,2,0.8426134586334229
1794,28,4,LEX,2,5.862136363983154
1795,28,4,LEX+,1,4.369465351104736
1796,28,4,LEX,11,16.442720651626587
1797,28,4,LEX+,4,10.869259595870972
1798,28,4,LEX,4,6.040737152099609
1799,28,4,LEX+,1,4.653989553451538
1800,28,4,LEX,3,0.9481780529022217
1801,28,4,LEX+,1,0.6760983467102051
1802,28,4,LEX,9,62.891881465911865
1803,28,4,LEX+,4,23.6225106716156
1804,28,4,LEX,1,0.5150046348571777
1805,28,4,LEX+,1,0.5251812934875488
1806,28,4,LEX,3,0.25537681579589844
1807,28,4,LEX+,2,0.22594118118286133
1808,28,4,LEX,2,1.3193702697753906
1809,28,4,LEX+,1,0.7879135608673096
1810,28,4,LEX,4,17.99336338043213
1811,28,4,LEX+,2,12.59287691116333
1812,28,4,LEX,1,0.4501616954803467
1813,28,4,LEX+,1,0.3572065830230713
1814,28,4,LEX,3,23.776026010513306
1815,28,4,LEX+,1,14.42041826248169
1816,28,4,LEX,4,3.1334259510040283
1817,28,4,LEX+,2,2.4097607135772705
1818,28,4,LEX,3,8.79511284828186
1819,28,4,LEX+,1,4.956932306289673
1820,28,4,LEX,1,0.21972107887268066
1821,28,4,LEX+,1,0.18576788902282715
1822,28,4,LEX,8,1.7487518787384033
1823,28,4,LEX+,5,1.3256635665893555
1824,28,4,LEX,3,0.8499312400817871
1825,28,4,LEX+,1,0.36896681785583496
1826,28,4,LEX,4,3.0403733253479004
1827,28,4,LEX+,2,2.683183431625366
1828,28,4,LEX,8,0.40073299407958984
1829,28,4,LEX+,3,0.27554941177368164
1830,28,4,LEX,5,1.813103437423706
1831,28,4,LEX+,1,1.1660804748535156
1832,28,4,LEX,4,0.7112832069396973
1833,28,4,LEX+,2,0.3086702823638916
1834,28,4,LEX,10,1.4664690494537354
1835,28,4,LEX+,3,0.5768890380859375
1836,28,4,LEX,2,2.7395501136779785
1837,28,4,LEX+,2,2.5013010501861572
1838,28,4,LEX,8,0.6130332946777344
1839,28,4,LEX+,3,0.5023488998413086
1840,28,4,LEX,3,7.835116386413574
1841,28,4,LEX+,1,2.755197048187256
1842,28,4,LEX,10,10.840095043182373
1843,28,4,LEX+,2,3.940311908721924
1844,28,4,LEX,15,1.828688383102417
1845,28,4,LEX+,6,1.3957340717315674
1846,28,4,LEX,2,0.24405288696289062
1847,28,4,LEX+,1,0.215012788772583
1848,28,4,LEX,2,0.2624626159667969
1849,28,4,LEX+,1,0.2529110908508301
1850,28,4,LEX,8,6.157458305358887
1851,28,4,LEX+,2,4.286737442016602
1852,28,4,LEX,1,0.16414332389831543
1853,28,4,LEX+,1,0.16016554832458496
1854,28,4,LEX,2,0.28389406204223633
1855,28,4,LEX+,1,0.21168065071105957
1856,28,4,LEX,3,1.3165624141693115
1857,28,4,LEX+,2,1.2851626873016357
1858,28,4,LEX,2,0.11592984199523926
1859,28,4,LEX+,2,0.11896991729736328
1860,28,4,LEX,3,1.5809071063995361
1861,28,4,LEX+,1,1.1915509700775146
1862,28,4,LEX,4,6.113769054412842
1863,28,4,LEX+,1,3.1100645065307617
1864,28,4,LEX,9,0.4666149616241455
1865,28,4,LEX+,6,0.42259883880615234
1866,28,4,LEX,2,1.4554615020751953
1867,28,4,LEX+,1,0.43973422050476074
1868,28,4,LEX,9,1.1728568077087402
1869,28,4,LEX+,4,0.6384563446044922
1870,28,4,LEX,2,1.0967235565185547
1871,28,4,LEX+,1,0.6414585113525391
1872,28,4,LEX,1,0.4166543483734131
1873,28,4,LEX+,1,0.2881889343261719
1874,28,4,LEX,2,1.7898070812225342
1875,28,4,LEX+,1,0.523951530456543
1876,28,4,LEX,4,3.4693095684051514
1877,28,4,LEX+,3,1.9372422695159912
1878,28,4,LEX,2,1.4612882137298584
1879,28,4,LEX+,1,1.1019878387451172
1880,28,4,LEX,3,1.2127597332000732
1881,28,4,LEX+,1,0.7017254829406738
1882,28,4,LEX,5,0.30811119079589844
1883,28,4,LEX+,3,0.23514127731323242
1884,28,4,LEX,1,1.1591267585754395
1885,28,4,LEX+,1,0.9528162479400635
1886,28,4,LEX,5,0.5307102203369141
1887,28,4,LEX+,2,0.3013489246368408
1888,28,4,LEX,1,5.601391315460205
1889,28,4,LEX+,1,4.441872835159302
1890,28,4,LEX,2,0.35534000396728516
1891,28,4,LEX+,1,0.3057892322540283
1892,28,4,LEX,20,40.43007016181946
1893,28,4,LEX+,2,11.426189422607422
1894,28,4,LEX,7,0.6141014099121094
1895,28,4,LEX+,3,0.5093288421630859
1896,28,4,LEX,4,0.41877174377441406
1897,28,4,LEX+,1,0.26134395599365234
1898,28,4,LEX,3,1.7793834209442139
1899,28,4,LEX+,1,0.6939733028411865
1900,28,4,LEX,2,4.0982606410980225
1901,28,4,LEX+,1,1.878373384475708
1902,28,4,LEX,4,0.4412727355957031
1903,28,4,LEX+,3,0.4659762382507324
1904,28,4,LEX,2,1.3494946956634521
1905,28,4,LEX+,2,1.4032971858978271
1906,28,4,LEX,6,0.46970224380493164
1907,28,4,LEX+,4,0.24580979347229004
1908,28,4,LEX,2,16.35407781600952
1909,28,4,LEX+,1,16.024173498153687
1910,28,4,LEX,22,15.262235164642334
1911,28,4,LEX+,3,8.570019721984863
1912,28,4,LEX,15,83.8984489440918
1913,28,4,LEX+,3,43.65695571899414
1914,28,4,LEX,3,0.16156315803527832
1915,28,4,LEX+,2,0.1431722640991211
1916,28,4,LEX,5,4.091986894607544
1917,28,4,LEX+,3,1.770667314529419
1918,28,4,LEX,8,0.4795875549316406
1919,28,4,LEX+,3,0.37877416610717773
1920,28,4,LEX,12,14.851213693618774
1921,28,4,LEX+,5,8.24911093711853
1922,28,4,LEX,1,0.17470860481262207
1923,28,4,LEX+,1,0.13268733024597168
1924,28,4,LEX,5,89.53849411010742
1925,28,4,LEX+,1,52.810702323913574
1926,28,4,LEX,1,0.07419538497924805
1927,28,4,LEX+,1,0.07035088539123535
1928,28,4,LEX,2,2.9772512912750244
1929,28,4,LEX+,1,2.3015031814575195
1930,28,4,LEX,2,0.23905086517333984
1931,28,4,LEX+,1,0.2012624740600586
1932,28,4,LEX,1,7.4331889152526855
1933,28,4,LEX+,1,2.923901081085205
1934,28,4,LEX,10,3.462892770767212
1935,28,4,LEX+,2,2.09360671043396
1936,28,4,LEX,31,56.774786949157715
1937,28,4,LEX+,5,35.95849061012268
1938,28,4,LEX,1,2.712177038192749
1939,28,4,LEX+,1,1.7917399406433105
1940,28,4,LEX,1,0.17425060272216797
1941,28,4,LEX+,1,0.17327284812927246
1942,28,4,LEX,2,0.16172146797180176
1943,28,4,LEX+,2,0.1293046474456787
1944,28,4,LEX,2,0.9940140247344971
1945,28,4,LEX+,1,0.5378258228302002
1946,28,4,LEX,8,1.1170339584350586
1947,28,4,LEX+,5,0.8081936836242676
1948,28,4,LEX,6,17.610289573669434
1949,28,4,LEX+,2,8.461926698684692
1950,28,4,LEX,4,5.156012296676636
1951,28,4,LEX+,1,1.8742549419403076
1952,28,4,LEX,1,0.07055234909057617
1953,28,4,LEX+,1,0.0797276496887207
1954,28,4,LEX,4,1.9698562622070312
1955,28,4,LEX+,1,1.0988593101501465
1956,28,4,LEX,15,2.488618850708008
1957,28,4,LEX+,6,1.6314523220062256
1958,28,4,LEX,16,2.5174648761749268
1959,28,4,LEX+,3,1.5128037929534912
1960,28,4,LEX,1,0.6269702911376953
1961,28,4,LEX+,1,0.48782825469970703
1962,28,4,LEX,8,2.3120944499969482
1963,28,4,LEX+,3,1.7497472763061523
1964,28,4,LEX,10,4.344072341918945
1965,28,4,LEX+,2,2.6599104404449463
1966,28,4,LEX,3,0.8328368663787842
1967,28,4,LEX+,2,0.771592378616333
1968,28,4,LEX,6,11.847280502319336
1969,28,4,LEX+,3,8.89284348487854
1970,28,4,LEX,2,0.20510101318359375
1971,28,4,LEX+,2,0.20421147346496582
1972,28,4,LEX,2,0.14446401596069336
1973,28,4,LEX+,1,0.10148262977600098
1974,28,4,LEX,2,2.3985042572021484
1975,28,4,LEX+,1,1.7395870685577393
1976,28,4,LEX,9,3.7726893424987793
1977,28,4,LEX+,2,1.7530930042266846
1978,28,4,LEX,8,4.11498761177063
1979,28,4,LEX+,5,2.9999287128448486
1980,28,4,LEX,9,5.474298000335693
1981,28,4,LEX+,4,4.56701135635376
1982,28,4,LEX,2,8.897567510604858
1983,28,4,LEX+,1,6.662476301193237
1984,28,4,LEX,12,0.5793449878692627
1985,28,4,LEX+,12,0.5707089900970459
1986,28,4,LEX,6,2.1708297729492188
1987,28,4,LEX+,4,1.7886950969696045
1988,28,4,LEX,32,6.129611968994141
1989,28,4,LEX+,10,3.2401273250579834
1990,28,4,LEX,4,0.46626973152160645
1991,28,4,LEX+,4,0.4764537811279297
1992,28,4,LEX,7,8.266735553741455
1993,28,4,LEX+,2,6.193319320678711
1994,28,4,LEX,21,4.108969449996948
1995,28,4,LEX+,8,2.5560617446899414
1996,28,4,LEX,10,4.5206849575042725
1997,28,4,LEX+,5,3.603038787841797
1998,28,4,LEX,1,9.23358416557312
1999,28,4,LEX+,1,5.321874380111694
